minute_et,open,high,low,close,ticks
2026-10-07T10:26,83077.71,83123.36,83077.71,83106.14,13
2026-10-07T10:29,83020.95,83064.02,83020.66,83049.84,24
2026-10-07T10:42,82964.37,82971.64,82964.01,82971.64,4
2026-10-07T10:50,82979.64,83004.94,82959.73,82993.18,50
2026-10-07T10:53,82963.61,82972.27,82949.3,82972.27,17
2026-10-07T10:57,82937.45,82937.45,82909.29,82930.06,5
2026-10-07T11:00,82934.29,82934.29,82897.08,82897.12,26
2026-10-07T11:02,82876.08,82938.04,82876.08,82920.66,42
2026-10-07T11:04,82900.19,82900.19,82856.61,82873.73,33
2026-10-07T11:07,82894.11,82895.81,82777.95,82856.98,35
2026-10-07T11:09,82889.36,82893.36,82867.72,82883.22,25
2026-10-07T11:14,83034.56,83093.48,83034.56,83058.62,39
2026-10-07T11:15,83036.21,83068.26,83026.64,83031.27,60
2026-10-07T11:16,83036.81,83108.7,83021.53,83105.7,60
2026-10-07T11:17,83111.87,83132.11,83066.61,83069.41,60
2026-10-07T11:18,83047.73,83047.73,82946.97,82974.34,60
2026-10-07T11:19,82977.27,83011.97,82961.42,82972.16,60
2026-10-07T11:20,82971.64,82977.69,82927.13,82951.32,60
2026-10-07T11:21,82946.58,82955.16,82868.74,82869.71,60
2026-10-07T11:34,83186.98,83211.86,83186.98,83199.31,34
2026-10-07T11:35,83207.75,83252.04,83207.75,83241.04,60
2026-10-07T11:36,83235.21,83257.05,83216.34,83257.05,60
2026-10-07T11:37,83258.09,83286.86,83243.7,83263.11,60
2026-10-07T11:38,83250.09,83260.0,83189.72,83219.03,60
2026-10-07T11:39,83221.44,83259.94,83208.75,83233.35,60
2026-10-07T11:40,83230.92,83250.3,83207.24,83243.85,60
2026-10-07T11:41,83242.5,83286.68,83241.03,83278.41,60
2026-10-07T11:43,83301.45,83308.11,83297.18,83299.61,51
2026-10-07T11:44,83299.55,83302.54,83262.31,83273.94,60
2026-10-07T11:45,83276.18,83315.48,83271.77,83312.16,60
2026-10-07T11:46,83311.41,83318.02,83288.34,83300.03,60
2026-10-07T11:47,83301.84,83304.09,83264.89,83272.08,60
2026-10-07T11:48,83271.74,83277.79,83255.57,83273.21,60
2026-10-07T11:49,83274.02,83301.87,83263.14,83289.31,60
2026-10-07T11:50,83285.4,83352.25,83285.4,83348.41,60
2026-10-07T11:51,83362.31,83365.84,83349.91,83353.43,8
2026-10-07T11:52,83351.44,83377.17,83332.52,83360.53,60
2026-10-07T11:53,83363.7,83390.39,83363.0,83386.79,60
2026-10-07T11:54,83386.08,83392.31,83371.25,83392.31,60
2026-10-07T11:55,83378.7,83394.4,83369.87,83370.69,60
2026-10-07T11:56,83370.97,83372.6,83345.73,83364.28,60
2026-10-07T11:57,83372.33,83378.14,83358.25,83369.94,60
2026-10-07T11:58,83370.43,83391.62,83355.81,83390.89,60
2026-10-07T11:59,83391.4,83421.58,83390.52,83416.25,60
2026-10-07T12:01,83371.25,83371.25,83307.91,83322.86,19
2026-10-07T12:02,83332.11,83390.47,83321.41,83390.47,60
2026-10-07T12:03,83392.72,83459.13,83392.58,83457.13,60
2026-10-07T12:04,83456.32,83478.03,83439.08,83477.03,60
2026-10-07T12:05,83477.38,83523.98,83473.5,83515.92,60
2026-10-07T12:06,83515.64,83573.67,83507.6,83573.49,60
2026-10-07T12:07,83575.1,83578.51,83522.93,83547.48,60
2026-10-07T12:08,83531.4,83566.32,83526.51,83554.67,60
2026-10-07T12:09,83552.54,83589.17,83551.39,83565.84,60
2026-10-07T12:11,83492.77,83496.85,83484.06,83488.41,18
2026-10-07T12:12,83489.8,83491.67,83463.58,83468.21,60
2026-10-07T12:13,83467.76,83495.93,83440.57,83495.93,60
2026-10-07T12:14,83501.72,83501.72,83451.9,83487.69,60
2026-10-07T12:15,83488.28,83530.69,83487.62,83509.82,60
2026-10-07T12:16,83509.42,83513.99,83494.51,83497.22,60
2026-10-07T12:17,83502.74,83558.35,83494.33,83543.56,60
2026-10-07T12:18,83535.16,83570.02,83534.44,83569.55,60
2026-10-07T12:19,83569.9,83573.61,83533.33,83573.16,60
2026-10-07T12:21,83600.76,83603.63,83578.19,83579.61,23
2026-10-07T12:22,83579.89,83626.38,83579.89,83588.96,60
2026-10-07T12:23,83590.96,83593.15,83583.41,83588.19,60
2026-10-07T12:24,83587.89,83587.89,83465.68,83468.01,60
2026-10-07T12:25,83467.4,83499.52,83426.94,83489.67,60
2026-10-07T12:26,83492.8,83531.25,83474.93,83474.93,60
2026-10-07T12:27,83473.07,83480.92,83461.43,83479.21,60
2026-10-07T12:28,83479.9,83526.69,83479.9,83517.35,60
2026-10-07T12:31,83547.07,83555.17,83537.73,83537.73,23
2026-10-07T12:32,83534.91,83581.37,83534.91,83571.89,60
2026-10-07T12:33,83569.95,83655.36,83569.76,83622.38,60
2026-10-07T12:34,83621.14,83624.04,83546.74,83558.1,60
2026-10-07T12:35,83557.13,83567.06,83516.05,83536.54,60
2026-10-07T12:36,83536.11,83548.25,83483.0,83490.77,60
2026-10-07T12:37,83489.35,83489.35,83449.27,83449.27,60
2026-10-07T12:38,83449.1,83462.23,83430.26,83458.74,60
2026-10-07T12:41,83384.59,83385.57,83371.77,83383.23,24
2026-10-07T12:42,83380.05,83422.67,83372.65,83403.07,60
2026-10-07T12:43,83396.78,83402.91,83363.64,83402.91,60
2026-10-07T12:44,83402.45,83412.34,83380.84,83403.83,60
2026-10-07T12:45,83421.02,83453.62,83412.38,83444.47,60
2026-10-07T12:46,83443.89,83467.65,83419.03,83421.92,60
2026-10-07T12:47,83425.92,83426.82,83358.08,83364.03,60
2026-10-07T12:48,83382.29,83382.37,83346.81,83367.57,60
2026-10-07T12:51,83410.85,83422.12,83408.33,83411.23,17
2026-10-07T12:52,83410.2,83410.2,83381.22,83395.91,60
2026-10-07T12:53,83395.56,83395.56,83347.53,83351.01,60
2026-10-07T12:54,83350.4,83391.57,83348.81,83376.98,60
2026-10-07T12:55,83375.15,83393.85,83365.56,83375.39,60
2026-10-07T12:56,83366.21,83367.68,83335.97,83354.27,60
2026-10-07T12:57,83354.75,83368.84,83347.32,83349.03,60
2026-10-07T12:58,83348.17,83358.38,83332.84,83354.94,60
2026-10-07T12:59,83357.99,83371.33,83344.92,83352.08,60
2026-10-07T13:01,83354.59,83359.96,83348.46,83359.96,20
2026-10-07T13:02,83359.84,83480.95,83359.84,83435.67,60
2026-10-07T13:03,83434.46,83580.99,83419.81,83511.93,60
2026-10-07T13:04,83525.19,83542.01,83476.12,83488.89,60
2026-10-07T13:05,83471.04,83488.86,83457.96,83466.85,60
2026-10-07T13:06,83461.99,83492.78,83436.37,83436.37,60
2026-10-07T13:07,83441.59,83450.64,83427.49,83450.64,60
2026-10-07T13:08,83446.18,83516.29,83446.18,83485.71,60
2026-10-07T13:11,83566.13,83566.13,83539.17,83547.55,24
2026-10-07T13:12,83544.02,83550.78,83523.6,83543.8,60
2026-10-07T13:13,83544.35,83544.93,83502.72,83503.02,60
2026-10-07T13:14,83519.55,83519.55,83465.59,83489.55,60
2026-10-07T13:15,83488.49,83493.1,83459.96,83474.2,60
2026-10-07T13:16,83477.31,83481.18,83446.42,83453.18,60
2026-10-07T13:17,83452.21,83452.36,83429.23,83446.03,60
2026-10-07T13:18,83443.13,83487.02,83428.1,83483.1,60
2026-10-07T13:21,83457.91,83480.16,83457.91,83463.64,17
2026-10-07T13:22,83463.85,83464.96,83416.34,83437.71,60
2026-10-07T13:23,83437.83,83437.97,83375.44,83375.92,60
2026-10-07T13:24,83375.17,83375.17,83334.53,83352.0,60
2026-10-07T13:25,83352.12,83389.43,83246.4,83260.76,60
2026-10-07T13:26,83248.62,83264.15,83218.79,83220.27,60
2026-10-07T13:27,83220.04,83226.81,83171.42,83195.14,60
2026-10-07T13:28,83194.64,83209.13,83172.2,83172.2,60
2026-10-07T13:29,83171.91,83177.73,83162.99,83168.61,60
2026-10-07T13:37,83172.63,83184.68,83168.03,83179.56,52
2026-10-07T13:38,83179.04,83184.36,83144.87,83164.82,60
2026-10-07T13:39,83172.14,83184.27,83156.84,83166.84,60
2026-10-07T13:40,83166.52,83166.82,83065.92,83087.24,60
2026-10-07T13:41,83080.24,83133.21,83041.92,83047.13,60
2026-10-07T13:42,83027.88,83061.66,83024.0,83037.68,60
2026-10-07T13:43,83033.86,83053.51,82999.86,83032.77,60
2026-10-07T13:44,83036.46,83067.88,83033.05,83060.82,60
2026-10-07T13:57,83119.27,83134.07,83119.04,83120.33,52
2026-10-07T13:58,83124.56,83132.18,83112.07,83112.07,60
2026-10-07T13:59,83111.49,83122.61,83110.66,83118.57,60
2026-10-07T14:00,83101.29,83190.99,83098.82,83190.99,60
2026-10-07T14:01,83184.95,83186.68,83145.42,83169.87,60
2026-10-07T14:02,83178.85,83233.69,83178.85,83221.38,60
2026-10-07T14:03,83224.59,83269.29,83224.59,83269.29,60
2026-10-07T14:04,83265.9,83326.74,83265.9,83325.56,60
2026-10-07T14:06,83392.95,83400.82,83346.18,83351.88,52
2026-10-07T14:07,83350.88,83372.07,83302.52,83303.25,60
2026-10-07T14:08,83316.77,83316.77,83281.36,83288.73,60
2026-10-07T14:09,83280.09,83302.13,83264.59,83301.4,60
2026-10-07T14:10,83300.76,83300.93,83272.88,83290.88,60
2026-10-07T14:11,83289.49,83331.09,83278.65,83304.95,60
2026-10-07T14:12,83298.97,83312.49,83292.8,83306.2,60
2026-10-07T14:13,83317.02,83348.06,83295.53,83296.01,60
2026-10-07T14:15,83302.65,83315.6,83287.93,83309.09,47
2026-10-07T14:16,83307.54,83337.86,83307.54,83330.79,60
2026-10-07T14:17,83334.68,83334.68,83276.81,83284.92,60
2026-10-07T14:18,83284.35,83284.35,83210.48,83214.28,60
2026-10-07T14:19,83215.52,83250.43,83206.0,83206.26,60
2026-10-07T14:20,83206.78,83214.45,83183.2,83205.6,60
2026-10-07T14:21,83208.52,83208.52,83186.59,83196.48,60
2026-10-07T14:22,83196.03,83236.03,83195.79,83220.98,60
2026-10-07T14:23,83224.61,83234.87,83224.47,83234.87,10
2026-10-07T14:24,83247.44,83271.5,83247.44,83271.27,60
2026-10-07T14:25,83272.4,83278.89,83250.6,83257.78,60
2026-10-07T14:26,83258.58,83273.26,83254.63,83268.69,60
2026-10-07T14:27,83268.72,83314.35,83268.72,83295.81,60
2026-10-07T14:28,83295.09,83308.74,83261.65,83261.82,60
2026-10-07T14:29,83266.59,83321.59,83266.59,83308.26,60
2026-10-07T14:30,83307.09,83330.8,83306.6,83312.74,60
2026-10-07T14:31,83311.45,83311.45,83271.25,83285.35,60
2026-10-07T14:32,83280.14,83280.14,83278.23,83278.23,5
2026-10-07T14:33,83278.74,83299.91,83275.95,83276.93,60
2026-10-07T14:34,83276.71,83278.84,83249.23,83262.56,60
2026-10-07T14:35,83263.07,83302.6,83253.81,83302.6,60
2026-10-07T14:36,83298.56,83298.56,83268.74,83274.17,60
2026-10-07T14:37,83274.31,83298.65,83271.55,83284.24,60
2026-10-07T14:38,83285.92,83309.29,83257.11,83267.07,60
2026-10-07T14:39,83266.0,83269.92,83256.39,83261.96,60
2026-10-07T14:40,83259.13,83267.03,83239.55,83255.52,60
2026-10-07T14:41,83257.06,83257.61,83256.13,83257.33,12
2026-10-07T14:42,83258.13,83270.28,83248.25,83254.48,60
2026-10-07T14:43,83254.94,83304.03,83254.77,83302.98,60
2026-10-07T14:44,83302.36,83304.39,83267.15,83273.21,60
2026-10-07T14:45,83268.78,83307.45,83256.66,83296.16,60
2026-10-07T14:46,83294.91,83331.84,83294.91,83331.02,60
2026-10-07T14:47,83329.94,83343.13,83311.86,83319.95,60
2026-10-07T14:48,83320.26,83350.7,83318.64,83333.33,60
2026-10-07T14:49,83333.15,83333.15,83310.09,83322.63,60
2026-10-07T14:51,83388.89,83402.07,83378.4,83402.07,19
2026-10-07T14:52,83399.85,83438.73,83395.72,83432.45,60
2026-10-07T14:53,83432.14,83432.14,83399.57,83403.9,60
2026-10-07T14:54,83395.02,83419.74,83378.94,83379.57,60
2026-10-07T14:55,83379.25,83396.37,83379.25,83395.3,60
2026-10-07T14:56,83394.84,83422.49,83394.84,83405.82,60
2026-10-07T14:57,83403.07,83407.45,83393.71,83401.14,60
2026-10-07T14:58,83401.1,83401.76,83358.18,83365.36,60
2026-10-07T15:01,83424.97,83428.42,83424.19,83426.52,23
2026-10-07T15:02,83426.83,83450.2,83401.89,83405.35,60
2026-10-07T15:03,83405.73,83415.55,83367.53,83371.59,60
2026-10-07T15:04,83368.59,83375.88,83343.49,83365.22,60
2026-10-07T15:05,83365.04,83389.8,83365.04,83387.5,60
2026-10-07T15:06,83386.63,83398.1,83332.22,83332.22,60
2026-10-07T15:07,83333.75,83336.15,83319.43,83320.19,60
2026-10-07T15:08,83312.03,83369.71,83298.66,83369.66,60
2026-10-07T15:11,83352.21,83367.22,83346.06,83347.75,23
2026-10-07T15:12,83348.02,83352.44,83339.73,83351.71,60
2026-10-07T15:13,83352.7,83364.88,83343.31,83362.95,60
2026-10-07T15:14,83362.73,83362.98,83343.03,83347.97,60
2026-10-07T15:15,83348.3,83375.9,83346.9,83364.24,60
2026-10-07T15:16,83362.8,83371.72,83356.47,83366.59,60
2026-10-07T15:17,83366.93,83410.92,83365.98,83398.82,60
2026-10-07T15:18,83400.29,83446.01,83400.29,83445.09,60
2026-10-07T15:21,83442.35,83443.34,83412.78,83413.41,22
2026-10-07T15:22,83405.96,83446.91,83388.53,83442.73,60
2026-10-07T15:23,83443.45,83445.63,83422.83,83425.39,60
2026-10-07T15:24,83418.34,83451.65,83418.34,83444.82,60
2026-10-07T15:25,83445.31,83460.71,83439.44,83457.12,60
2026-10-07T15:26,83465.16,83481.06,83457.85,83467.3,60
2026-10-07T15:27,83467.51,83470.86,83447.42,83448.28,60
2026-10-07T15:28,83448.19,83450.11,83411.19,83417.99,60
2026-10-07T15:31,83437.93,83445.81,83429.53,83434.94,19
2026-10-07T15:32,83435.69,83443.62,83400.73,83400.73,60
2026-10-07T15:33,83396.84,83431.9,83396.84,83430.17,60
2026-10-07T15:34,83430.4,83437.34,83424.1,83429.72,60
2026-10-07T15:35,83428.61,83429.16,83353.84,83358.1,60
2026-10-07T15:36,83359.37,83359.37,83266.2,83279.85,60
2026-10-07T15:37,83280.01,83332.14,83280.01,83312.83,60
2026-10-07T15:38,83313.74,83342.53,83312.03,83342.09,60
2026-10-07T15:39,83342.24,83372.02,83342.24,83351.48,60
2026-10-07T15:41,83352.92,83354.57,83345.71,83346.89,20
2026-10-07T15:42,83347.14,83379.75,83347.14,83376.96,60
2026-10-07T15:43,83377.2,83412.41,83375.12,83410.18,60
2026-10-07T15:44,83411.22,83419.0,83401.42,83413.1,60
2026-10-07T15:45,83412.4,83414.63,83398.51,83412.06,60
2026-10-07T15:46,83412.31,83414.87,83361.13,83362.13,60
2026-10-07T15:47,83361.38,83382.47,83309.81,83309.81,60
2026-10-07T15:48,83303.54,83316.06,83261.88,83303.88,60
2026-10-07T15:51,83294.75,83301.55,83294.75,83301.55,7
2026-10-07T15:52,83310.14,83315.55,83295.2,83315.55,60
2026-10-07T15:53,83315.86,83319.01,83295.08,83303.66,60
2026-10-07T15:54,83302.88,83332.54,83302.88,83332.54,60
2026-10-07T15:55,83333.86,83401.66,83333.86,83341.67,60
2026-10-07T15:56,83340.51,83393.08,83340.51,83363.07,60
2026-10-07T15:57,83363.89,83378.64,83350.81,83373.48,60
2026-10-07T15:58,83372.94,83392.96,83372.94,83388.79,60
2026-10-07T15:59,83390.73,83396.5,83364.59,83392.12,60
2026-10-07T16:01,83447.56,83447.56,83439.37,83442.89,16
2026-10-07T16:02,83442.8,83474.33,83430.52,83473.01,60
2026-10-07T16:03,83473.47,83509.52,83460.98,83460.98,60
2026-10-07T16:04,83462.11,83463.15,83398.19,83419.89,60
2026-10-07T16:05,83417.17,83441.98,83414.26,83441.98,60
2026-10-07T16:06,83443.56,83481.45,83443.56,83456.76,60
2026-10-07T16:07,83456.69,83469.96,83456.59,83463.27,60
2026-10-07T16:08,83463.06,83468.28,83458.3,83464.61,60
2026-10-07T16:09,83464.42,83508.82,83462.05,83501.47,60
2026-10-07T16:11,83518.62,83522.75,83515.91,83516.97,23
2026-10-07T16:12,83516.91,83517.11,83505.67,83507.56,60
2026-10-07T16:13,83507.6,83510.45,83489.84,83506.79,60
2026-10-07T16:14,83510.05,83511.25,83499.62,83499.76,60
2026-10-07T16:15,83501.15,83518.29,83486.99,83518.29,60
2026-10-07T16:16,83516.92,83551.18,83516.68,83542.02,60
2026-10-07T16:17,83550.83,83567.53,83547.24,83561.23,60
2026-10-07T16:18,83560.51,83560.85,83489.6,83525.43,60
2026-10-07T16:21,83505.44,83506.16,83505.44,83506.16,4
2026-10-07T16:22,83505.98,83517.77,83505.98,83512.17,60
2026-10-07T16:23,83512.04,83520.9,83511.65,83519.14,60
2026-10-07T16:24,83519.05,83519.09,83476.52,83477.86,60
2026-10-07T16:25,83477.39,83491.88,83477.39,83491.88,60
2026-10-07T16:26,83490.35,83498.48,83482.15,83491.3,60
2026-10-07T16:27,83491.02,83498.45,83489.99,83495.43,60
2026-10-07T16:28,83495.29,83498.15,83491.35,83496.23,60
2026-10-07T16:29,83495.48,83530.5,83494.92,83525.77,60
2026-10-07T16:31,83512.8,83513.28,83499.68,83500.86,18
2026-10-07T16:32,83499.44,83501.01,83483.04,83485.93,60
2026-10-07T16:33,83485.62,83491.04,83452.24,83454.06,60
2026-10-07T16:34,83454.42,83457.2,83351.32,83362.57,60
2026-10-07T16:35,83362.42,83362.89,83297.48,83325.97,60
2026-10-07T16:36,83320.0,83336.7,83311.65,83332.64,60
2026-10-07T16:37,83332.47,83344.79,83322.07,83327.69,60
2026-10-07T16:38,83327.98,83338.75,83324.9,83328.2,60
2026-10-07T16:39,83328.05,83328.37,83289.49,83315.46,60
2026-10-07T16:41,83329.38,83329.55,83326.16,83327.83,21
2026-10-07T16:42,83327.52,83347.34,83324.43,83346.22,60
2026-10-07T16:43,83346.76,83364.61,83345.53,83361.18,60
2026-10-07T16:44,83360.53,83360.53,83346.58,83351.62,60
2026-10-07T16:45,83351.39,83356.88,83338.46,83351.33,60
2026-10-07T16:46,83351.28,83357.89,83342.0,83346.16,60
2026-10-07T16:47,83344.55,83348.29,83317.2,83332.92,60
2026-10-07T16:48,83332.68,83343.16,83326.05,83331.65,60
2026-10-07T16:51,83362.92,83362.92,83346.66,83351.44,23
2026-10-07T16:52,83350.26,83355.42,83332.96,83338.53,60
2026-10-07T16:53,83338.64,83350.26,83331.48,83350.2,60
2026-10-07T16:54,83350.34,83354.42,83349.14,83353.84,60
2026-10-07T16:55,83354.78,83363.94,83353.94,83358.53,60
2026-10-07T16:56,83358.48,83375.68,83347.04,83374.91,60
2026-10-07T16:57,83374.85,83374.92,83364.12,83368.1,60
2026-10-07T16:58,83368.08,83409.1,83367.62,83393.72,60
2026-10-07T17:01,83389.08,83389.08,83362.89,83364.21,19
2026-10-07T17:02,83363.69,83363.69,83332.01,83336.06,60
2026-10-07T17:03,83334.66,83336.87,83321.6,83333.92,60
2026-10-07T17:04,83333.78,83341.95,83332.5,83340.39,60
2026-10-07T17:05,83339.88,83340.25,83335.52,83336.52,60
2026-10-07T17:06,83336.57,83337.01,83322.54,83328.23,60
2026-10-07T17:07,83331.62,83336.27,83330.11,83331.15,60
2026-10-07T17:08,83330.83,83331.26,83328.01,83329.77,60
2026-10-07T17:09,83329.94,83332.16,83327.13,83331.12,60
2026-10-07T17:11,83307.96,83308.68,83306.84,83307.18,16
2026-10-07T17:12,83306.93,83308.27,83305.53,83307.24,60
2026-10-07T17:13,83307.08,83312.92,83288.39,83312.12,60
2026-10-07T17:14,83314.09,83322.33,83310.93,83318.79,60
2026-10-07T17:15,83327.46,83328.41,83323.53,83325.42,60
2026-10-07T17:16,83325.43,83329.25,83316.51,83325.82,60
2026-10-07T17:17,83326.18,83341.85,83325.79,83340.66,60
2026-10-07T17:18,83341.08,83345.83,83338.82,83338.82,60
2026-10-07T17:19,83339.45,83339.97,83337.27,83339.59,60
2026-10-07T17:21,83344.85,83347.52,83344.38,83345.5,9
2026-10-07T17:22,83346.02,83357.75,83345.98,83357.75,60
2026-10-07T17:23,83356.69,83358.19,83353.4,83357.56,60
2026-10-07T17:24,83357.56,83358.53,83343.37,83354.31,60
2026-10-07T17:25,83354.46,83354.46,83327.1,83327.86,60
2026-10-07T17:26,83327.71,83329.04,83302.84,83302.84,60
2026-10-07T17:27,83299.53,83304.55,83297.05,83299.61,60
2026-10-07T17:28,83292.3,83293.97,83290.82,83291.96,60
2026-10-07T17:29,83290.79,83295.55,83290.79,83294.63,60
2026-10-07T17:31,83286.17,83287.08,83285.08,83285.69,19
2026-10-07T17:32,83285.33,83286.75,83269.6,83271.06,60
2026-10-07T17:33,83270.75,83270.75,83256.76,83263.99,60
2026-10-07T17:34,83262.32,83262.82,83255.98,83258.13,60
2026-10-07T17:35,83257.66,83259.44,83238.85,83256.63,60
2026-10-07T17:36,83256.99,83264.65,83255.26,83260.3,60
2026-10-07T17:37,83260.29,83261.86,83216.78,83218.27,60
2026-10-07T17:38,83218.11,83245.94,83218.11,83227.23,60
2026-10-07T17:39,83227.5,83228.8,83217.49,83222.1,60
2026-10-07T17:41,83209.1,83209.77,83209.08,83209.52,23
2026-10-07T17:42,83210.02,83224.66,83208.82,83214.64,60
2026-10-07T17:43,83214.18,83215.46,83170.61,83170.61,60
2026-10-07T17:44,83164.72,83191.16,83163.66,83169.26,60
2026-10-07T17:45,83171.75,83182.39,83158.81,83164.17,60
2026-10-07T17:46,83163.78,83176.97,83157.6,83158.98,60
2026-10-07T17:47,83158.44,83166.99,83153.73,83161.56,60
2026-10-07T17:48,83160.7,83168.36,83158.32,83162.11,60
2026-10-07T17:51,83157.97,83159.18,83157.0,83158.25,19
2026-10-07T17:52,83158.05,83164.78,83155.56,83155.56,60
2026-10-07T17:53,83155.3,83157.04,83113.22,83118.4,60
2026-10-07T17:54,83118.3,83118.3,83078.71,83082.42,60
2026-10-07T17:55,83083.06,83110.02,83082.69,83102.79,60
2026-10-07T17:56,83103.49,83129.14,83101.77,83110.42,60
2026-10-07T17:57,83110.5,83110.5,83104.2,83108.11,60
2026-10-07T17:58,83107.49,83134.24,83106.5,83132.71,60
2026-10-07T17:59,83133.58,83133.58,83116.03,83122.54,60
2026-10-07T18:01,83186.42,83196.48,83185.4,83196.48,9
2026-10-07T18:02,83195.4,83224.98,83175.83,83190.53,60
2026-10-07T18:03,83190.98,83217.44,83152.58,83152.58,60
2026-10-07T18:04,83154.56,83172.26,83145.29,83172.04,60
2026-10-07T18:05,83164.29,83185.41,83159.09,83182.44,60
2026-10-07T18:06,83183.5,83196.88,83177.85,83188.47,60
2026-10-07T18:07,83187.95,83192.76,83185.38,83188.81,60
2026-10-07T18:08,83188.71,83190.99,83165.87,83165.87,60
2026-10-07T18:09,83167.0,83204.29,83159.18,83204.29,60
2026-10-07T18:11,83213.91,83215.34,83213.88,83214.98,9
2026-10-07T18:12,83215.87,83251.76,83215.87,83216.45,60
2026-10-07T18:13,83216.04,83226.21,83191.24,83193.86,60
2026-10-07T18:14,83192.3,83200.82,83184.26,83196.35,60
2026-10-07T18:15,83197.52,83200.74,83180.74,83181.69,60
2026-10-07T18:16,83181.54,83181.54,83165.26,83165.26,60
2026-10-07T18:17,83174.38,83174.38,83159.01,83170.14,60
2026-10-07T18:18,83170.63,83174.22,83168.92,83169.01,60
2026-10-07T18:19,83169.01,83178.07,83168.27,83178.07,60
2026-10-07T18:32,83284.35,83284.35,83278.02,83278.02,17
2026-10-07T18:33,83277.5,83279.22,83236.33,83240.29,60
2026-10-07T18:34,83241.17,83249.59,83226.73,83231.94,60
2026-10-07T18:35,83232.2,83242.25,83216.34,83218.88,60
2026-10-07T18:36,83218.19,83270.53,83218.19,83260.7,60
2026-10-07T18:37,83264.66,83265.0,83245.05,83262.45,60
2026-10-07T18:38,83260.86,83264.8,83250.89,83252.94,60
2026-10-07T18:39,83253.24,83253.24,83216.85,83221.44,60
2026-10-07T18:40,83220.46,83220.46,83200.24,83202.73,60
2026-10-07T18:41,83189.15,83198.95,83188.37,83195.29,23
2026-10-07T18:42,83194.03,83250.97,83194.0,83247.81,60
2026-10-07T18:43,83247.67,83271.44,83247.32,83269.75,60
2026-10-07T18:44,83269.06,83289.82,83252.56,83257.2,60
2026-10-07T18:45,83258.58,83258.58,83208.35,83210.92,60
2026-10-07T18:46,83210.55,83232.84,83201.87,83203.0,60
2026-10-07T18:47,83202.77,83223.81,83192.07,83223.81,60
2026-10-07T18:48,83225.37,83230.52,83222.43,83229.51,60
2026-10-07T18:51,83217.38,83217.67,83201.18,83202.76,22
2026-10-07T18:52,83201.8,83201.8,83188.94,83191.4,60
2026-10-07T18:53,83191.7,83199.63,83184.52,83185.63,60
2026-10-07T18:54,83186.0,83190.17,83185.17,83188.15,60
2026-10-07T18:55,83188.52,83202.64,83180.03,83197.51,60
2026-10-07T18:56,83197.33,83221.58,83197.2,83215.34,60
2026-10-07T18:57,83215.13,83217.35,83213.81,83216.69,60
2026-10-07T18:58,83216.22,83216.84,83206.01,83210.78,60
2026-10-07T19:01,83187.16,83190.25,83185.52,83190.25,10
2026-10-07T19:02,83188.97,83203.0,83185.37,83198.94,60
2026-10-07T19:03,83197.8,83200.16,83187.42,83196.2,60
2026-10-07T19:04,83195.23,83207.07,83187.72,83187.72,60
2026-10-07T19:05,83187.72,83189.92,83180.11,83181.32,60
2026-10-07T19:06,83180.77,83190.67,83174.41,83187.37,60
2026-10-07T19:07,83186.86,83186.86,83150.94,83157.39,60
2026-10-07T19:08,83157.05,83157.05,83119.02,83140.36,60
2026-10-07T19:09,83140.3,83141.69,83118.78,83118.78,60
2026-10-07T19:12,83097.31,83105.83,83088.94,83100.45,60
2026-10-07T19:13,83099.72,83134.82,83099.72,83133.93,60
2026-10-07T19:14,83134.1,83165.88,83134.1,83140.06,60
2026-10-07T19:15,83140.13,83203.04,83139.73,83203.04,60
2026-10-07T19:16,83199.95,83221.27,83199.95,83221.27,60
2026-10-07T19:17,83220.97,83232.64,83196.26,83207.8,60
2026-10-07T19:18,83207.45,83213.57,83190.85,83195.87,60
2026-10-07T19:19,83196.02,83215.6,83196.02,83209.44,60
2026-10-07T19:21,83278.62,83278.96,83246.11,83246.11,22
2026-10-07T19:22,83249.21,83254.55,83238.97,83241.46,60
2026-10-07T19:23,83240.1,83243.34,83224.37,83237.06,60
2026-10-07T19:24,83236.97,83252.13,83236.97,83247.14,60
2026-10-07T19:25,83247.17,83284.83,83247.17,83278.64,60
2026-10-07T19:26,83296.36,83296.36,83271.6,83283.45,60
2026-10-07T19:27,83283.29,83291.12,83279.53,83280.65,60
2026-10-07T19:28,83280.98,83283.46,83279.19,83280.61,60
2026-10-07T19:31,83345.1,83346.15,83343.27,83344.44,13
2026-10-07T19:32,83345.92,83359.82,83326.5,83348.07,60
2026-10-07T19:33,83349.37,83366.38,83348.82,83365.28,60
2026-10-07T19:34,83365.35,83365.92,83349.57,83359.24,60
2026-10-07T19:35,83360.22,83360.55,83352.3,83352.3,60
2026-10-07T19:36,83352.63,83353.38,83344.23,83352.73,60
2026-10-07T19:37,83351.61,83352.93,83310.31,83321.9,60
2026-10-07T19:38,83320.51,83331.54,83313.29,83330.3,60
2026-10-07T19:39,83330.23,83340.55,83314.78,83318.93,60
2026-10-07T19:41,83302.31,83303.27,83301.96,83301.96,13
2026-10-07T19:42,83303.36,83307.76,83297.57,83304.78,60
2026-10-07T19:43,83304.3,83304.31,83296.9,83303.4,60
2026-10-07T19:44,83302.29,83304.08,83296.61,83302.59,60
2026-10-07T19:45,83301.8,83301.8,83269.45,83275.0,60
2026-10-07T19:46,83274.53,83276.49,83272.47,83275.1,60
2026-10-07T19:47,83275.09,83301.3,83275.09,83286.32,60
2026-10-07T19:48,83287.1,83300.05,83276.37,83289.8,60
2026-10-07T19:49,83289.55,83297.84,83289.55,83295.86,60
2026-10-07T19:51,83266.93,83270.85,83263.39,83270.58,23
2026-10-07T19:52,83268.81,83282.28,83259.98,83261.4,60
2026-10-07T19:53,83261.39,83271.96,83255.75,83258.59,60
2026-10-07T19:54,83259.03,83259.03,83224.71,83233.37,60
2026-10-07T19:55,83231.83,83250.92,83231.83,83247.28,60
2026-10-07T19:56,83248.39,83254.81,83244.21,83252.77,60
2026-10-07T19:57,83251.16,83253.65,83241.31,83241.88,60
2026-10-07T19:58,83242.47,83295.79,83238.78,83293.42,60
2026-10-07T20:01,83258.5,83260.86,83228.67,83233.08,21
2026-10-07T20:02,83233.22,83237.24,83211.78,83219.5,60
2026-10-07T20:03,83213.58,83253.68,83213.58,83253.68,60
2026-10-07T20:04,83253.69,83254.82,83204.53,83211.65,60
2026-10-07T20:05,83212.69,83214.64,83205.67,83208.99,60
2026-10-07T20:06,83208.66,83227.46,83192.83,83226.37,60
2026-10-07T20:07,83225.67,83250.15,83225.67,83239.26,60
2026-10-07T20:08,83238.8,83245.03,83228.79,83235.58,60
2026-10-07T20:11,83175.25,83183.87,83170.99,83183.87,16
2026-10-07T20:12,83187.31,83222.47,83184.16,83209.17,60
2026-10-07T20:13,83212.54,83232.99,83208.71,83213.39,60
2026-10-07T20:14,83216.73,83229.55,83212.22,83213.95,60
2026-10-07T20:15,83212.89,83265.5,83212.89,83265.23,60
2026-10-07T20:16,83268.57,83271.77,83239.14,83244.74,60
2026-10-07T20:17,83244.71,83297.35,83242.87,83296.4,60
2026-10-07T20:18,83295.79,83331.75,83290.85,83315.95,60
2026-10-07T20:19,83313.29,83345.58,83313.29,83342.98,60
2026-10-07T20:21,83292.05,83292.05,83276.13,83277.64,18
2026-10-07T20:22,83267.15,83276.66,83248.08,83254.6,60
2026-10-07T20:23,83254.94,83264.4,83249.63,83262.14,60
2026-10-07T20:24,83262.09,83262.09,83218.89,83222.62,60
2026-10-07T20:25,83223.72,83226.07,83213.33,83215.26,60
2026-10-07T20:26,83214.48,83246.84,83209.27,83244.21,60
2026-10-07T20:27,83244.76,83247.03,83210.16,83214.58,60
2026-10-07T20:28,83215.08,83244.31,83211.52,83244.17,60
2026-10-07T20:29,83240.26,83242.65,83212.83,83216.04,60
2026-10-07T20:31,83266.73,83269.84,83255.64,83256.22,19
2026-10-07T20:32,83253.02,83253.02,83214.96,83223.2,60
2026-10-07T20:33,83222.34,83237.34,83202.58,83237.34,60
2026-10-07T20:34,83237.24,83245.0,83212.69,83222.39,60
2026-10-07T20:35,83214.53,83220.54,83209.74,83210.96,60
2026-10-07T20:36,83213.84,83213.84,83186.93,83198.41,60
2026-10-07T20:37,83198.64,83245.6,83194.38,83243.39,60
2026-10-07T20:38,83243.29,83244.12,83201.6,83215.07,60
2026-10-07T20:39,83214.03,83233.38,83190.42,83198.53,60
2026-10-07T20:41,83216.31,83216.31,83210.42,83210.76,19
2026-10-07T20:42,83212.99,83213.12,83194.76,83197.06,60
2026-10-07T20:43,83197.13,83240.02,83185.58,83240.02,60
2026-10-07T20:44,83240.02,83243.81,83218.19,83243.65,60
2026-10-07T20:45,83241.2,83253.94,83202.65,83206.33,60
2026-10-07T20:46,83205.55,83276.69,83205.55,83275.72,60
2026-10-07T20:47,83277.1,83294.29,83266.63,83291.55,60
2026-10-07T20:48,83292.57,83326.26,83291.42,83325.23,60
2026-10-07T20:49,83326.63,83370.35,83326.63,83347.39,60
2026-10-07T20:52,83365.67,83374.67,83353.14,83371.81,55
2026-10-07T20:53,83372.09,83385.88,83365.28,83374.55,60
2026-10-07T20:54,83374.86,83386.45,83374.86,83377.67,60
2026-10-07T20:55,83378.34,83390.93,83373.57,83383.45,60
2026-10-07T20:56,83382.3,83390.17,83369.55,83370.61,60
2026-10-07T20:57,83370.74,83378.54,83345.06,83345.06,60
2026-10-07T20:58,83348.25,83358.05,83348.25,83353.36,60
2026-10-07T20:59,83353.35,83359.14,83314.6,83325.87,60
2026-10-07T21:11,83377.34,83394.94,83377.34,83392.37,19
2026-10-07T21:12,83393.13,83401.77,83358.72,83358.72,60
2026-10-07T21:13,83360.3,83360.3,83305.95,83325.1,60
2026-10-07T21:14,83323.94,83342.9,83312.88,83328.21,60
2026-10-07T21:15,83327.52,83337.6,83314.1,83334.73,60
2026-10-07T21:16,83334.27,83359.06,83308.61,83320.58,60
2026-10-07T21:17,83321.09,83381.64,83321.09,83369.11,60
2026-10-07T21:18,83371.77,83371.77,83300.32,83301.17,60
2026-10-07T21:19,83302.5,83320.27,83264.64,83280.48,60
2026-10-07T21:21,83189.33,83189.33,83147.93,83147.93,22
2026-10-07T21:22,83148.3,83160.75,83125.4,83135.83,60
2026-10-07T21:23,83137.22,83168.69,83110.72,83140.87,60
2026-10-07T21:24,83141.91,83187.78,83141.91,83164.03,60
2026-10-07T21:25,83164.86,83203.5,83136.52,83165.99,60
2026-10-07T21:26,83168.64,83199.9,83164.58,83189.75,60
2026-10-07T21:27,83189.09,83218.35,83189.09,83211.78,60
2026-10-07T21:28,83212.08,83235.95,83197.88,83218.78,60
2026-10-07T21:31,83201.38,83201.38,83190.67,83198.56,19
2026-10-07T21:32,83199.06,83254.08,83194.23,83254.08,60
2026-10-07T21:33,83262.54,83324.43,83262.54,83313.58,60
2026-10-07T21:34,83302.55,83326.63,83298.19,83316.33,60
2026-10-07T21:35,83317.0,83327.67,83294.65,83325.74,60
2026-10-07T21:36,83326.17,83348.5,83286.1,83295.59,60
2026-10-07T21:37,83284.14,83321.27,83270.02,83270.49,60
2026-10-07T21:38,83270.05,83280.74,83219.69,83223.02,60
2026-10-07T21:39,83224.59,83236.55,83209.67,83214.75,60
2026-10-07T21:41,83229.89,83239.22,83228.9,83236.82,20
2026-10-07T21:42,83236.73,83251.78,83221.94,83241.57,60
2026-10-07T21:43,83241.2,83250.55,83231.67,83234.74,60
2026-10-07T21:44,83231.35,83234.06,83201.84,83214.54,60
2026-10-07T21:45,83214.65,83215.55,83162.46,83165.65,60
2026-10-07T21:46,83161.04,83191.49,83149.72,83183.44,60
2026-10-07T21:47,83182.76,83192.06,83173.1,83188.27,60
2026-10-07T21:48,83182.74,83193.78,83161.19,83166.63,60
2026-10-07T21:51,83143.71,83148.48,83143.71,83144.99,23
2026-10-07T21:52,83145.8,83146.53,83136.79,83144.36,60
2026-10-07T21:53,83144.32,83167.84,83143.35,83151.68,60
2026-10-07T21:54,83152.67,83170.39,83145.74,83150.69,60
2026-10-07T21:55,83151.18,83155.55,83115.37,83124.43,60
2026-10-07T21:56,83117.37,83128.9,83102.69,83104.59,60
2026-10-07T21:57,83103.82,83105.05,83050.97,83058.91,60
2026-10-07T21:58,83058.52,83067.04,83050.26,83052.2,60
2026-10-07T22:01,83074.32,83091.34,83074.32,83088.39,11
2026-10-07T22:02,83091.19,83122.72,83078.73,83094.25,60
2026-10-07T22:03,83094.08,83106.3,83066.11,83097.38,60
2026-10-07T22:04,83099.61,83100.69,83078.15,83087.16,60
2026-10-07T22:05,83087.87,83087.87,83020.62,83046.0,60
2026-10-07T22:06,83045.61,83055.89,82998.73,83008.34,60
2026-10-07T22:07,83006.09,83011.86,82980.15,83004.5,60
2026-10-07T22:08,83004.92,83016.71,82982.09,83007.52,60
2026-10-07T22:09,83009.28,83014.79,82984.34,82984.8,60
2026-10-07T22:11,82915.06,82995.27,82915.06,82987.79,20
2026-10-07T22:12,82986.35,82995.89,82960.4,82978.62,60
2026-10-07T22:13,82978.32,83067.17,82973.41,83042.88,60
2026-10-07T22:14,83042.8,83061.52,83018.51,83047.21,60
2026-10-07T22:15,83061.15,83073.93,83044.25,83069.95,60
2026-10-07T22:16,83070.63,83125.75,83068.27,83084.67,60
2026-10-07T22:17,83082.7,83082.7,83020.67,83029.96,60
2026-10-07T22:18,83025.14,83025.14,82988.5,83011.58,60
2026-10-07T22:21,83012.29,83012.73,83000.3,83001.7,23
2026-10-07T22:22,83002.08,83055.88,82997.4,83055.1,60
2026-10-07T22:23,83054.7,83080.17,83054.23,83079.14,60
2026-10-07T22:24,83079.5,83088.8,83063.65,83079.64,60
2026-10-07T22:25,83079.99,83103.61,83079.99,83101.86,60
2026-10-07T22:26,83102.43,83147.85,83102.43,83104.34,60
2026-10-07T22:27,83104.9,83104.9,83080.99,83083.01,60
2026-10-07T22:28,83083.04,83089.21,83064.7,83089.21,60
2026-10-07T22:31,83102.24,83105.75,83099.7,83105.75,11
2026-10-07T22:32,83105.26,83139.32,83099.82,83123.34,60
2026-10-07T22:33,83122.24,83136.88,83111.79,83119.94,60
2026-10-07T22:34,83121.0,83133.54,83112.29,83133.54,60
2026-10-07T22:35,83132.44,83135.12,83121.12,83131.32,60
2026-10-07T22:36,83112.8,83119.98,83104.22,83115.26,60
2026-10-07T22:37,83115.52,83136.33,83112.3,83119.6,60
2026-10-07T22:38,83118.21,83140.39,83117.08,83137.73,60
2026-10-07T22:39,83138.11,83185.93,83137.08,83178.1,60
2026-10-07T22:41,83138.92,83138.92,83111.27,83130.82,21
2026-10-07T22:42,83133.63,83168.16,83133.63,83151.77,60
2026-10-07T22:43,83152.99,83185.48,83151.11,83182.06,60
2026-10-07T22:44,83181.74,83222.06,83181.74,83204.95,60
2026-10-07T22:45,83205.38,83221.26,83193.76,83214.22,60
2026-10-07T22:46,83214.76,83235.25,83209.62,83219.08,60
2026-10-07T22:47,83219.0,83219.0,83171.03,83184.98,60
2026-10-07T22:48,83181.9,83194.34,83162.65,83167.5,60
2026-10-07T22:51,83128.43,83146.2,83128.43,83137.41,21
2026-10-07T22:52,83135.35,83150.45,83109.8,83111.73,60
2026-10-07T22:53,83110.94,83113.77,83065.72,83072.74,60
2026-10-07T22:54,83072.31,83102.25,83070.28,83084.67,60
2026-10-07T22:55,83084.67,83112.2,83083.29,83111.59,60
2026-10-07T22:56,83107.85,83138.67,83107.85,83116.75,60
2026-10-07T22:57,83117.33,83130.99,83113.29,83127.36,60
2026-10-07T22:58,83127.33,83139.24,83119.46,83130.41,60
2026-10-07T23:01,83103.25,83103.4,83091.15,83096.44,9
2026-10-07T23:02,83096.03,83110.37,83073.41,83075.08,60
2026-10-07T23:03,83075.32,83077.89,83016.62,83031.12,60
2026-10-07T23:04,83034.37,83034.37,82969.01,82974.23,60
2026-10-07T23:05,82977.45,82993.15,82956.54,82967.95,60
2026-10-07T23:06,82966.58,82966.58,82889.64,82901.65,60
2026-10-07T23:07,82893.31,82923.76,82867.99,82887.13,60
2026-10-07T23:08,82888.77,82918.04,82884.15,82912.06,60
2026-10-07T23:09,82912.42,82937.52,82912.42,82930.57,60
2026-10-07T23:11,82940.67,82940.95,82931.37,82932.11,21
2026-10-07T23:12,82932.3,82932.3,82894.51,82904.96,60
2026-10-07T23:13,82904.05,82913.03,82877.41,82878.52,60
2026-10-07T23:14,82879.76,82884.86,82864.15,82867.84,60
2026-10-07T23:15,82869.39,82873.41,82828.19,82838.45,60
2026-10-07T23:16,82837.4,82869.74,82834.7,82869.74,60
2026-10-07T23:17,82870.08,82911.59,82863.23,82890.14,60
2026-10-07T23:18,82889.71,82889.71,82840.37,82862.07,60
2026-10-07T23:21,82686.6,82739.55,82686.6,82739.55,8
2026-10-07T23:22,82735.85,82816.76,82697.97,82814.51,60
2026-10-07T23:23,82815.14,82903.61,82803.55,82891.31,60
2026-10-07T23:24,82891.53,82932.21,82883.53,82901.05,60
2026-10-07T23:25,82901.69,82923.28,82882.23,82890.06,60
2026-10-07T23:26,82895.07,82929.34,82855.23,82929.34,60
2026-10-07T23:27,82930.65,82968.38,82923.81,82941.16,60
2026-10-07T23:28,82934.91,82934.91,82903.3,82913.7,60
2026-10-07T23:29,82911.87,82919.54,82895.99,82905.61,60
2026-10-07T23:31,82936.18,82944.23,82916.33,82917.07,23
2026-10-07T23:32,82917.25,82921.99,82794.3,82852.21,60
2026-10-07T23:33,82839.72,82839.72,82801.53,82824.03,60
2026-10-07T23:34,82826.88,82849.85,82796.82,82798.59,60
2026-10-07T23:35,82798.4,82813.08,82752.7,82805.17,60
2026-10-07T23:36,82807.16,82828.63,82791.21,82798.28,60
2026-10-07T23:37,82790.8,82817.71,82766.18,82802.22,60
2026-10-07T23:38,82802.66,82827.64,82799.95,82806.87,60
2026-10-07T23:41,82834.53,82847.41,82834.53,82844.06,21
2026-10-07T23:42,82845.31,82855.3,82792.74,82795.05,60
2026-10-07T23:43,82793.78,82802.35,82778.09,82802.35,60
2026-10-07T23:44,82800.47,82801.36,82778.24,82780.72,60
2026-10-07T23:45,82781.01,82819.44,82743.62,82813.69,60
2026-10-07T23:46,82813.26,82827.74,82790.44,82813.46,60
2026-10-07T23:47,82805.13,82827.41,82789.59,82807.98,60
2026-10-07T23:48,82808.49,82832.56,82797.81,82826.2,60
2026-10-08T00:01,82679.39,82679.39,82650.94,82655.28,23
2026-10-08T00:02,82654.43,82660.29,82608.16,82618.58,60
2026-10-08T00:03,82619.28,82627.31,82599.12,82609.89,60
2026-10-08T00:04,82610.34,82625.27,82610.26,82611.95,60
2026-10-08T00:05,82611.24,82629.41,82611.24,82628.65,60
2026-10-08T00:06,82627.81,82734.08,82627.81,82733.94,60
2026-10-08T00:07,82733.28,82733.28,82672.94,82722.77,60
2026-10-08T00:08,82722.26,82752.42,82721.46,82745.62,60
2026-10-08T00:11,82684.27,82689.55,82684.27,82688.36,20
2026-10-08T00:12,82688.29,82688.29,82631.2,82631.2,60
2026-10-08T00:13,82632.03,82632.03,82608.91,82616.28,60
2026-10-08T00:14,82614.36,82665.72,82571.77,82664.37,60
2026-10-08T00:15,82665.98,82703.0,82665.98,82686.5,60
2026-10-08T00:16,82686.67,82688.01,82592.38,82593.27,60
2026-10-08T00:17,82600.92,82653.24,82597.83,82632.32,60
2026-10-08T00:18,82631.97,82644.76,82608.07,82629.92,60
2026-10-08T00:21,82305.57,82346.94,82284.57,82342.8,20
2026-10-08T00:22,82349.4,82385.14,82295.72,82384.3,60
2026-10-08T00:23,82393.12,82424.81,82361.46,82418.05,60
2026-10-08T00:24,82413.37,82520.34,82413.37,82520.34,60
2026-10-08T00:25,82517.07,82768.56,82517.07,82759.07,60
2026-10-08T00:26,82752.21,82786.69,82678.37,82718.67,60
2026-10-08T00:27,82725.62,82780.79,82725.62,82764.15,60
2026-10-08T00:28,82762.42,82797.5,82737.45,82796.38,60
2026-10-08T00:31,82821.37,82822.74,82753.74,82769.52,23
2026-10-08T00:32,82756.97,82816.59,82753.27,82796.35,60
2026-10-08T00:33,82803.47,82831.15,82738.64,82768.99,60
2026-10-08T00:34,82758.85,82794.94,82756.71,82756.71,60
2026-10-08T00:35,82759.51,82767.91,82726.79,82728.59,60
2026-10-08T00:36,82732.98,82773.24,82717.15,82721.38,60
2026-10-08T00:37,82720.74,82720.74,82647.48,82654.81,60
2026-10-08T00:38,82648.64,82649.73,82569.46,82611.43,60
2026-10-08T00:41,82505.98,82507.06,82459.88,82478.37,24
2026-10-08T00:42,82464.68,82521.01,82459.22,82521.01,60
2026-10-08T00:43,82519.71,82548.92,82490.26,82492.52,60
2026-10-08T00:44,82487.57,82492.54,82451.63,82476.87,60
2026-10-08T00:45,82478.09,82500.16,82404.71,82404.71,60
2026-10-08T00:46,82404.96,82476.35,82393.31,82434.22,60
2026-10-08T00:47,82421.62,82483.72,82421.62,82432.96,60
2026-10-08T00:48,82432.49,82459.52,82394.73,82447.19,60
2026-10-08T00:51,82538.52,82604.27,82538.52,82604.27,19
2026-10-08T00:52,82608.42,82637.27,82583.92,82616.95,60
2026-10-08T00:53,82617.96,82658.16,82608.11,82640.47,60
2026-10-08T00:54,82647.11,82674.82,82613.9,82615.08,60
2026-10-08T00:55,82616.39,82619.38,82581.77,82590.0,60
2026-10-08T00:56,82590.44,82602.65,82559.38,82559.86,60
2026-10-08T00:57,82560.57,82563.65,82500.83,82563.65,60
2026-10-08T00:58,82566.89,82604.57,82561.54,82588.02,60
2026-10-08T00:59,82592.87,82610.73,82587.74,82595.14,60
2026-10-08T01:01,82645.38,82664.5,82645.38,82659.5,23
2026-10-08T01:02,82661.23,82669.16,82570.65,82572.85,60
2026-10-08T01:03,82571.33,82652.07,82552.13,82647.45,60
2026-10-08T01:04,82659.21,82659.21,82571.52,82586.5,60
2026-10-08T01:05,82594.83,82633.78,82551.6,82555.47,60
2026-10-08T01:06,82553.12,82608.76,82538.47,82597.51,60
2026-10-08T01:07,82596.58,82598.31,82519.56,82546.93,60
2026-10-08T01:08,82547.34,82591.75,82547.34,82589.06,60
2026-10-08T01:11,82607.45,82639.23,82607.45,82636.89,22
2026-10-08T01:12,82637.41,82676.85,82633.68,82676.85,60
2026-10-08T01:13,82679.95,82702.69,82670.53,82686.61,60
2026-10-08T01:14,82681.28,82722.17,82681.28,82720.06,60
2026-10-08T01:15,82716.8,82727.05,82681.27,82692.2,60
2026-10-08T01:16,82691.99,82765.88,82691.99,82758.05,60
2026-10-08T01:17,82765.09,82769.63,82731.01,82766.71,60
2026-10-08T01:18,82764.26,82777.13,82726.02,82774.14,60
2026-10-08T01:21,82798.78,82812.27,82798.25,82811.63,24
2026-10-08T01:22,82811.11,82827.85,82795.47,82823.97,60
2026-10-08T01:23,82824.63,82898.21,82824.63,82898.21,60
2026-10-08T01:24,82896.89,82932.44,82895.62,82923.49,60
2026-10-08T01:25,82919.79,82920.86,82859.37,82880.02,60
2026-10-08T01:26,82884.8,82894.74,82859.38,82868.51,60
2026-10-08T01:27,82867.11,82911.52,82867.11,82892.46,60
2026-10-08T01:28,82894.11,82911.63,82892.31,82908.78,60
2026-10-08T01:31,82830.82,82846.36,82830.82,82844.02,24
2026-10-08T01:32,82825.07,82865.53,82804.28,82865.53,60
2026-10-08T01:33,82864.32,82949.01,82864.21,82943.22,60
2026-10-08T01:34,82941.49,82962.76,82929.92,82959.26,60
2026-10-08T01:35,82959.6,82976.55,82895.72,82925.44,60
2026-10-08T01:36,82924.51,82970.54,82899.56,82960.2,60
2026-10-08T01:37,82962.75,82962.76,82912.25,82917.04,60
2026-10-08T01:38,82916.67,82955.96,82910.38,82949.41,60
2026-10-08T01:41,82890.54,82890.54,82876.52,82889.73,20
2026-10-08T01:42,82888.89,82892.03,82870.15,82884.53,60
2026-10-08T01:43,82884.05,82894.24,82871.72,82871.72,60
2026-10-08T01:44,82871.06,82871.06,82821.98,82830.21,60
2026-10-08T01:45,82831.32,82854.76,82823.25,82826.37,60
2026-10-08T01:46,82827.38,82827.42,82798.77,82798.77,60
2026-10-08T01:47,82802.15,82856.5,82796.99,82855.77,60
2026-10-08T01:48,82855.55,82892.12,82851.26,82854.58,60
2026-10-08T01:51,82768.58,82771.7,82759.15,82762.02,22
2026-10-08T01:52,82757.28,82757.28,82716.11,82732.0,60
2026-10-08T01:53,82734.05,82756.33,82733.0,82749.28,60
2026-10-08T01:54,82748.72,82748.72,82712.37,82734.23,60
2026-10-08T01:55,82734.18,82740.86,82707.9,82707.9,60
2026-10-08T01:56,82709.76,82713.6,82671.94,82672.2,60
2026-10-08T01:57,82675.95,82686.55,82654.9,82654.9,60
2026-10-08T01:58,82656.46,82658.73,82621.89,82627.9,60
2026-10-08T02:01,82634.76,82634.76,82604.02,82621.13,23
2026-10-08T02:02,82630.59,82665.2,82600.09,82653.11,60
2026-10-08T02:03,82648.93,82696.64,82648.93,82696.64,60
2026-10-08T02:04,82695.31,82758.64,82695.23,82757.14,60
2026-10-08T02:05,82756.92,82778.69,82754.78,82772.28,60
2026-10-08T02:06,82771.67,82838.0,82769.67,82823.83,60
2026-10-08T02:07,82824.99,82831.02,82795.86,82816.43,60
2026-10-08T02:08,82816.24,82827.69,82795.02,82799.53,60
2026-10-08T02:12,82856.46,82877.88,82848.63,82876.01,26
2026-10-08T02:13,82876.06,82876.06,82836.22,82845.62,60
2026-10-08T02:14,82844.54,82863.03,82836.27,82863.03,60
2026-10-08T02:15,82863.45,82875.4,82863.45,82864.86,60
2026-10-08T02:16,82864.78,82881.81,82847.56,82879.5,60
2026-10-08T02:17,82876.1,82876.1,82848.1,82855.08,60
2026-10-08T02:18,82856.84,82862.73,82845.73,82846.87,60
2026-10-08T02:19,82846.55,82846.55,82788.27,82811.15,60
2026-10-08T02:21,82764.91,82786.96,82730.16,82734.74,23
2026-10-08T02:22,82730.34,82731.08,82691.67,82714.8,60
2026-10-08T02:23,82703.64,82703.64,82669.01,82672.13,60
2026-10-08T02:24,82666.53,82672.29,82657.68,82665.61,60
2026-10-08T02:25,82664.82,82664.82,82583.34,82587.49,60
2026-10-08T02:26,82593.48,82593.48,82556.94,82561.53,60
2026-10-08T02:27,82560.42,82574.3,82531.73,82571.33,60
2026-10-08T02:28,82567.65,82582.25,82546.82,82553.04,60
2026-10-08T02:32,82484.07,82491.63,82455.01,82459.12,44
2026-10-08T02:33,82459.05,82537.55,82457.68,82527.98,60
2026-10-08T02:34,82529.02,82529.02,82469.35,82475.62,60
2026-10-08T02:35,82476.27,82537.58,82469.47,82533.19,60
2026-10-08T02:36,82536.47,82568.33,82498.66,82549.46,60
2026-10-08T02:37,82551.8,82574.94,82524.96,82574.94,60
2026-10-08T02:38,82584.96,82584.96,82544.19,82544.52,60
2026-10-08T02:39,82544.29,82560.09,82539.74,82559.46,60
2026-10-08T02:41,82610.62,82640.91,82610.62,82639.43,18
2026-10-08T02:42,82639.28,82648.55,82629.98,82639.29,60
2026-10-08T02:43,82639.73,82681.75,82619.43,82675.1,60
2026-10-08T02:44,82681.01,82681.01,82648.27,82655.4,60
2026-10-08T02:45,82654.0,82716.71,82649.58,82716.71,60
2026-10-08T02:46,82716.72,82726.8,82702.17,82710.68,60
2026-10-08T02:47,82713.81,82723.61,82705.05,82713.74,60
2026-10-08T02:48,82720.47,82720.47,82700.5,82708.59,60
2026-10-08T02:49,82709.53,82743.23,82709.53,82742.41,60
2026-10-08T02:52,82769.53,82772.1,82769.53,82772.1,4
2026-10-08T02:53,82769.67,82784.32,82768.97,82782.97,60
2026-10-08T02:54,82782.99,82864.45,82782.64,82864.45,60
2026-10-08T02:55,82865.64,82901.19,82821.44,82836.58,60
2026-10-08T02:56,82825.18,82852.24,82823.28,82837.89,60
2026-10-08T02:57,82837.37,82857.08,82833.4,82854.86,60
2026-10-08T02:58,82855.01,82873.26,82845.41,82848.23,60
2026-10-08T02:59,82849.24,82850.53,82824.7,82824.7,60
2026-10-08T03:00,82825.23,82826.11,82764.75,82774.63,60
2026-10-08T03:02,82730.61,82745.1,82714.57,82717.57,50
2026-10-08T03:03,82716.45,82716.48,82665.86,82669.49,60
2026-10-08T03:04,82670.67,82708.16,82666.57,82691.28,60
2026-10-08T03:05,82693.62,82778.31,82685.9,82761.54,60
2026-10-08T03:06,82763.19,82842.61,82708.57,82842.61,60
2026-10-08T03:07,82862.44,82936.59,82848.55,82934.94,60
2026-10-08T03:08,82932.68,82974.74,82873.95,82873.95,60
2026-10-08T03:09,82876.88,82942.41,82847.88,82930.91,60
2026-10-08T03:15,83000.74,83002.14,82956.92,82958.96,56
2026-10-08T03:16,82957.98,83033.87,82942.25,83032.77,60
2026-10-08T03:17,83031.34,83078.26,83031.34,83076.28,60
2026-10-08T03:18,83077.77,83125.97,83057.53,83057.53,60
2026-10-08T03:19,83059.62,83113.69,83059.62,83101.89,60
2026-10-08T03:20,83101.61,83119.19,83085.91,83116.96,60
2026-10-08T03:21,83117.84,83137.67,83090.46,83137.33,60
2026-10-08T03:22,83133.28,83203.29,83121.24,83203.29,60
2026-10-08T03:24,83175.39,83176.17,83120.84,83120.84,41
2026-10-08T03:25,83122.89,83122.9,83075.59,83080.6,60
2026-10-08T03:26,83079.96,83109.4,83067.62,83069.51,60
2026-10-08T03:27,83068.55,83078.59,83060.65,83060.65,60
2026-10-08T03:28,83064.15,83086.5,83063.42,83068.71,60
2026-10-08T03:29,83069.75,83100.94,83064.72,83094.74,60
2026-10-08T03:30,83094.94,83121.37,83086.5,83101.19,60
2026-10-08T03:31,83101.09,83103.67,83068.87,83100.65,60
2026-10-08T03:34,83067.96,83085.09,83064.87,83068.23,60
2026-10-08T03:35,83069.28,83071.47,83032.71,83064.61,60
2026-10-08T03:36,83062.94,83145.25,83061.88,83145.25,60
2026-10-08T03:37,83143.99,83146.51,83121.11,83127.1,60
2026-10-08T03:38,83126.53,83157.25,83118.85,83129.12,60
2026-10-08T03:39,83133.45,83138.7,83113.23,83113.59,60
2026-10-08T03:40,83111.15,83119.6,83074.54,83095.24,60
2026-10-08T03:41,83082.75,83092.36,83073.19,83078.73,60
2026-10-08T03:42,83056.32,83061.8,83056.32,83058.42,13
2026-10-08T03:43,83058.08,83058.08,83034.48,83043.01,60
2026-10-08T03:44,83043.76,83057.12,83038.38,83048.8,60
2026-10-08T03:45,83049.0,83049.0,83016.64,83040.79,60
2026-10-08T03:46,83031.96,83038.67,83010.92,83022.0,60
2026-10-08T03:47,83022.01,83028.34,83013.16,83025.81,60
2026-10-08T03:48,83021.09,83039.2,83002.25,83038.51,60
2026-10-08T03:49,83039.29,83047.12,83021.07,83033.64,60
2026-10-08T03:50,83034.07,83034.75,82981.36,82995.71,60
2026-10-08T03:52,83020.85,83023.35,83000.78,83005.18,42
2026-10-08T03:53,83005.4,83014.11,82976.93,82981.87,60
2026-10-08T03:54,82978.81,82978.81,82925.12,82943.18,60
2026-10-08T03:55,82943.3,82959.51,82919.93,82959.4,60
2026-10-08T03:56,82959.27,82964.55,82948.86,82963.69,60
2026-10-08T03:57,82962.18,82976.16,82961.4,82971.55,60
2026-10-08T03:58,82971.82,82971.82,82949.68,82956.08,60
2026-10-08T03:59,82956.4,82959.63,82942.73,82942.73,60
2026-10-08T04:01,82975.45,82981.67,82971.56,82979.82,17
2026-10-08T04:02,82980.37,82980.37,82905.41,82908.5,60
2026-10-08T04:03,82907.18,82959.99,82907.18,82918.32,60
2026-10-08T04:04,82917.77,82962.72,82905.38,82962.72,60
2026-10-08T04:05,82963.19,82995.0,82963.19,82992.44,60
2026-10-08T04:06,82988.4,82993.78,82944.78,82969.55,60
2026-10-08T04:07,82957.63,82995.71,82947.88,82993.55,60
2026-10-08T04:08,82993.25,83009.89,82972.55,82972.63,60
2026-10-08T04:09,82973.55,82993.68,82965.84,82984.97,60
2026-10-08T04:21,82931.4,82934.95,82925.48,82927.41,21
2026-10-08T04:22,82929.28,82931.71,82903.19,82919.35,60
2026-10-08T04:23,82917.66,82937.75,82881.54,82883.01,60
2026-10-08T04:24,82882.44,82895.63,82880.22,82881.9,60
2026-10-08T04:25,82882.48,82907.06,82873.89,82905.23,60
2026-10-08T04:26,82903.83,82911.08,82879.75,82907.71,60
2026-10-08T04:27,82907.77,82935.29,82906.88,82932.95,60
2026-10-08T04:28,82932.64,82932.64,82914.97,82918.42,60
2026-10-08T04:31,82882.12,82886.95,82873.65,82873.65,12
2026-10-08T04:32,82876.21,82876.68,82810.43,82814.15,60
2026-10-08T04:33,82814.31,82863.04,82796.98,82830.17,60
2026-10-08T04:34,82830.34,82853.48,82790.62,82794.43,60
2026-10-08T04:35,82795.35,82795.42,82781.14,82789.36,60
2026-10-08T04:36,82785.49,82785.49,82754.25,82755.51,60
2026-10-08T04:37,82754.53,82758.35,82734.63,82757.54,60
2026-10-08T04:38,82749.63,82810.51,82748.81,82803.43,60
2026-10-08T04:39,82802.35,82807.83,82761.87,82770.8,60
2026-10-08T04:41,82763.91,82764.66,82740.94,82742.34,22
2026-10-08T04:42,82743.07,82781.93,82743.07,82775.85,60
2026-10-08T04:43,82773.88,82816.97,82773.88,82811.39,60
2026-10-08T04:44,82811.77,82848.1,82800.0,82824.94,60
2026-10-08T04:45,82809.68,82842.17,82801.93,82837.43,60
2026-10-08T04:46,82840.77,82891.0,82838.99,82886.65,60
2026-10-08T04:47,82887.24,82887.83,82848.47,82848.47,60
2026-10-08T04:48,82852.78,82854.7,82803.53,82836.33,60
2026-10-08T04:51,82856.21,82857.14,82833.35,82836.02,24
2026-10-08T04:52,82836.25,82836.38,82804.52,82805.17,60
2026-10-08T04:53,82804.8,82806.64,82787.55,82789.38,60
2026-10-08T04:54,82789.57,82798.48,82777.03,82787.07,60
2026-10-08T04:55,82787.02,82821.09,82777.03,82820.28,60
2026-10-08T04:56,82818.67,82835.36,82802.42,82802.81,60
2026-10-08T04:57,82804.52,82817.09,82789.34,82799.87,60
2026-10-08T04:58,82799.04,82812.36,82792.25,82806.76,60
2026-10-08T05:01,82842.45,82852.96,82836.39,82843.15,23
2026-10-08T05:02,82845.34,82915.16,82840.31,82915.16,60
2026-10-08T05:03,82913.61,82923.55,82902.66,82913.03,60
2026-10-08T05:04,82913.32,82966.41,82913.32,82966.24,60
2026-10-08T05:05,82964.53,82996.66,82961.19,82980.55,60
2026-10-08T05:06,82973.66,83000.31,82969.28,82995.55,60
2026-10-08T05:07,82992.08,82992.08,82973.42,82981.43,60
2026-10-08T05:08,82980.97,83003.1,82973.61,82978.79,60
2026-10-08T05:11,82980.09,82980.09,82964.25,82965.01,17
2026-10-08T05:12,82963.57,82969.99,82950.96,82953.28,60
2026-10-08T05:13,82949.36,82987.82,82941.34,82987.27,60
2026-10-08T05:14,82987.07,83004.32,82968.38,82976.25,60
2026-10-08T05:15,82977.84,82989.36,82912.69,82915.93,60
2026-10-08T05:16,82915.63,82919.2,82834.46,82838.73,60
2026-10-08T05:17,82838.76,82855.97,82765.48,82853.04,60
2026-10-08T05:18,82859.12,82896.91,82848.35,82889.13,60
2026-10-08T05:19,82883.83,82915.32,82876.89,82913.55,60
2026-10-08T05:21,82935.68,82935.68,82927.42,82933.27,22
2026-10-08T05:22,82933.75,82975.65,82930.17,82972.45,60
2026-10-08T05:23,82972.63,82996.97,82967.09,82993.64,60
2026-10-08T05:24,82992.9,83020.93,82992.9,83004.98,60
2026-10-08T05:25,83005.41,83008.38,82987.52,82996.89,60
2026-10-08T05:26,82996.86,83005.39,82974.44,82999.26,60
2026-10-08T05:27,83001.27,83007.38,82975.98,83002.03,60
2026-10-08T05:28,82997.05,82998.91,82980.1,82980.85,60
2026-10-08T05:31,83022.86,83028.26,83015.1,83022.21,22
2026-10-08T05:32,83020.48,83080.31,83020.48,83075.81,60
2026-10-08T05:33,83077.77,83089.73,83063.6,83089.38,60
2026-10-08T05:34,83090.84,83094.52,83036.96,83061.71,60
2026-10-08T05:35,83064.2,83082.48,83056.39,83078.36,60
2026-10-08T05:36,83077.59,83093.56,83074.29,83079.65,60
2026-10-08T05:37,83077.46,83093.5,83072.58,83088.62,60
2026-10-08T05:38,83090.12,83098.2,83084.52,83085.39,60
2026-10-08T05:41,83096.55,83101.38,83094.83,83096.49,19
2026-10-08T05:42,83095.56,83107.65,83090.59,83103.58,60
2026-10-08T05:43,83103.59,83107.7,83046.69,83047.45,60
2026-10-08T05:44,83047.24,83065.34,83024.92,83060.53,60
2026-10-08T05:45,83059.85,83099.94,83058.03,83099.26,60
2026-10-08T05:46,83103.13,83111.89,83070.48,83081.7,60
2026-10-08T05:47,83083.84,83083.84,83053.7,83053.7,60
2026-10-08T05:48,83045.96,83050.52,83016.26,83044.61,60
2026-10-08T05:51,83006.38,83040.83,83006.38,83040.83,21
2026-10-08T05:52,83040.98,83048.44,83028.68,83045.65,60
2026-10-08T05:53,83045.77,83080.37,83045.77,83066.1,60
2026-10-08T05:54,83066.59,83068.18,83039.94,83048.62,60
2026-10-08T05:55,83033.02,83041.1,83021.12,83025.36,60
2026-10-08T05:56,83025.77,83038.51,83016.72,83030.87,60
2026-10-08T05:57,83030.68,83042.11,83019.95,83033.99,60
2026-10-08T05:58,83034.28,83066.42,83027.34,83054.73,60
2026-10-08T06:01,83051.12,83061.41,83051.12,83060.79,23
2026-10-08T06:02,83062.02,83086.09,83057.33,83080.15,60
2026-10-08T06:03,83079.7,83104.77,83079.7,83100.83,60
2026-10-08T06:04,83100.32,83102.7,83087.13,83100.77,60
2026-10-08T06:05,83100.86,83114.14,83042.58,83043.98,60
2026-10-08T06:06,83042.68,83060.72,83031.35,83048.29,60
2026-10-08T06:07,83044.94,83058.48,83031.45,83033.29,60
2026-10-08T06:08,83033.24,83039.76,83004.09,83013.33,60
2026-10-08T06:11,83002.0,83011.91,82996.24,83005.85,22
2026-10-08T06:12,83004.87,83028.1,83000.07,83024.33,60
2026-10-08T06:13,83025.11,83035.46,83013.82,83033.24,60
2026-10-08T06:14,83033.17,83033.17,83007.16,83018.76,60
2026-10-08T06:15,83020.24,83020.27,82962.17,82962.17,60
2026-10-08T06:16,82962.63,83012.31,82948.55,82987.04,60
2026-10-08T06:17,82988.41,82988.41,82943.49,82943.49,60
2026-10-08T06:18,82944.47,82944.47,82923.17,82929.34,60
2026-10-08T06:32,82726.76,82726.76,82695.86,82714.95,17
2026-10-08T06:33,82711.48,82712.49,82630.8,82654.06,60
2026-10-08T06:34,82654.38,82703.9,82639.94,82681.25,60
2026-10-08T06:35,82680.03,82691.8,82660.62,82691.8,60
2026-10-08T06:36,82701.36,82710.57,82685.84,82700.88,60
2026-10-08T06:37,82700.15,82701.52,82654.75,82654.75,60
2026-10-08T06:38,82647.55,82659.12,82625.63,82634.64,60
2026-10-08T06:39,82634.66,82646.1,82610.91,82625.56,60
2026-10-08T06:40,82635.46,82658.2,82607.12,82637.47,60
2026-10-08T06:41,82625.27,82630.51,82614.44,82614.44,23
2026-10-08T06:42,82613.94,82614.68,82562.32,82562.32,60
2026-10-08T06:43,82564.32,82625.85,82563.46,82597.91,60
2026-10-08T06:44,82598.92,82660.46,82598.92,82648.35,60
2026-10-08T06:45,82648.79,82682.0,82643.89,82662.79,60
2026-10-08T06:46,82667.49,82667.49,82597.7,82599.39,60
2026-10-08T06:47,82597.02,82610.96,82555.76,82556.59,60
2026-10-08T06:48,82557.32,82573.65,82541.4,82543.85,60
2026-10-08T06:51,82634.7,82641.56,82624.39,82641.56,24
2026-10-08T06:52,82640.26,82671.0,82634.44,82650.47,60
2026-10-08T06:53,82650.07,82690.5,82640.93,82676.94,60
2026-10-08T06:54,82679.29,82685.66,82622.07,82625.95,60
2026-10-08T06:55,82631.28,82652.88,82618.81,82641.7,60
2026-10-08T06:56,82639.62,82659.29,82639.62,82651.7,60
2026-10-08T06:57,82651.81,82673.46,82631.52,82670.15,60
2026-10-08T06:58,82667.86,82687.21,82652.35,82673.56,60
2026-10-08T07:01,82610.87,82610.87,82588.19,82588.42,22
2026-10-08T07:02,82583.68,82583.68,82553.77,82567.95,60
2026-10-08T07:03,82567.64,82599.15,82557.21,82557.21,60
2026-10-08T07:04,82557.07,82594.84,82518.43,82594.84,60
2026-10-08T07:05,82592.92,82627.2,82575.48,82579.99,60
2026-10-08T07:06,82581.39,82581.39,82489.56,82506.59,60
2026-10-08T07:07,82512.21,82521.41,82445.07,82460.05,60
2026-10-08T07:08,82466.42,82500.69,82439.19,82445.12,60
2026-10-08T07:11,82318.22,82393.76,82318.22,82393.11,23
2026-10-08T07:12,82380.4,82380.4,82270.71,82352.88,60
2026-10-08T07:13,82362.22,82414.94,82354.02,82414.94,60
2026-10-08T07:14,82416.45,82462.65,82403.83,82417.28,60
2026-10-08T07:15,82417.28,82417.28,82347.92,82347.92,60
2026-10-08T07:16,82349.71,82357.43,82281.46,82318.77,60
2026-10-08T07:17,82316.61,82349.37,82272.54,82272.54,60
2026-10-08T07:18,82288.45,82350.42,82288.45,82347.01,60
2026-10-08T07:21,82361.45,82380.09,82360.96,82377.42,23
2026-10-08T07:22,82388.78,82441.12,82386.7,82441.12,60
2026-10-08T07:23,82447.37,82518.78,82447.37,82512.99,60
2026-10-08T07:24,82514.2,82542.34,82462.56,82463.37,60
2026-10-08T07:25,82462.57,82482.82,82427.68,82427.78,60
2026-10-08T07:26,82428.31,82444.37,82408.14,82435.87,60
2026-10-08T07:27,82435.98,82464.84,82435.98,82464.84,60
2026-10-08T07:28,82465.73,82488.68,82459.91,82488.68,60
2026-10-08T07:31,82538.66,82538.66,82496.28,82498.32,18
2026-10-08T07:32,82494.58,82496.47,82440.0,82483.76,60
2026-10-08T07:33,82478.98,82478.98,82438.9,82440.85,60
2026-10-08T07:34,82438.72,82438.72,82333.5,82340.25,60
2026-10-08T07:35,82340.55,82441.47,82340.55,82436.24,60
2026-10-08T07:36,82432.72,82432.72,82351.84,82381.46,60
2026-10-08T07:37,82378.66,82455.98,82366.81,82433.14,60
2026-10-08T07:38,82432.03,82453.5,82381.73,82382.64,60
2026-10-08T07:39,82384.32,82461.09,82371.99,82457.43,60
2026-10-08T07:41,82575.82,82585.81,82543.35,82581.99,16
2026-10-08T07:42,82583.17,82590.72,82563.24,82586.82,60
2026-10-08T07:43,82580.49,82584.43,82552.45,82571.27,60
2026-10-08T07:44,82565.08,82580.22,82552.32,82554.39,60
2026-10-08T07:45,82555.76,82595.45,82543.01,82569.94,60
2026-10-08T07:46,82570.32,82570.32,82540.52,82552.26,60
2026-10-08T07:47,82552.45,82560.9,82459.87,82459.87,60
2026-10-08T07:48,82458.03,82482.11,82455.11,82472.05,60
2026-10-08T07:49,82470.93,82525.96,82460.87,82518.77,60
2026-10-08T07:51,82553.3,82560.71,82548.14,82556.38,23
2026-10-08T07:52,82558.31,82558.31,82519.89,82530.99,60
2026-10-08T07:53,82531.57,82533.09,82518.43,82518.43,60
2026-10-08T07:54,82514.56,82526.66,82495.21,82517.27,60
2026-10-08T07:55,82519.88,82523.49,82478.3,82478.81,60
2026-10-08T07:56,82479.17,82488.87,82452.2,82461.2,60
2026-10-08T07:57,82459.2,82459.2,82430.84,82431.94,60
2026-10-08T07:58,82430.99,82438.04,82416.63,82430.88,60
2026-10-08T08:01,82413.63,82413.63,82391.06,82392.31,22
2026-10-08T08:02,82392.82,82408.98,82283.54,82299.34,60
2026-10-08T08:03,82289.13,82349.21,82289.13,82307.23,60
2026-10-08T08:04,82305.71,82320.27,82264.06,82264.06,60
2026-10-08T08:05,82272.81,82345.17,82262.2,82262.2,60
2026-10-08T08:06,82254.41,82278.62,82169.08,82212.74,60
2026-10-08T08:07,82203.85,82310.87,82203.85,82285.3,60
2026-10-08T08:08,82286.61,82375.73,82266.34,82356.82,60
2026-10-08T08:11,82289.03,82305.74,82280.02,82303.73,20
2026-10-08T08:12,82303.71,82362.91,82303.71,82355.13,60
2026-10-08T08:13,82355.62,82391.62,82321.58,82325.16,60
2026-10-08T08:14,82323.99,82365.31,82323.58,82342.44,60
2026-10-08T08:15,82342.84,82370.27,82320.32,82370.27,60
2026-10-08T08:16,82368.77,82389.27,82326.63,82382.98,60
2026-10-08T08:17,82384.75,82399.56,82350.96,82350.96,60
2026-10-08T08:18,82351.01,82351.09,82276.91,82308.28,60
2026-10-08T08:21,82360.24,82365.3,82346.68,82356.95,20
2026-10-08T08:22,82358.21,82393.11,82331.14,82393.11,60
2026-10-08T08:23,82393.95,82432.37,82386.27,82402.22,60
2026-10-08T08:24,82416.4,82422.3,82385.85,82385.85,60
2026-10-08T08:25,82383.35,82416.92,82373.63,82376.64,60
2026-10-08T08:26,82371.73,82384.11,82330.26,82333.32,60
2026-10-08T08:27,82333.41,82363.96,82305.8,82363.58,60
2026-10-08T08:28,82354.58,82401.87,82353.86,82382.34,60
2026-10-08T08:41,82296.53,82301.76,82279.02,82294.51,24
2026-10-08T08:42,82291.39,82321.55,82291.39,82318.14,60
2026-10-08T08:43,82318.55,82347.71,82312.06,82322.64,60
2026-10-08T08:44,82324.63,82325.63,82282.59,82282.59,60
2026-10-08T08:45,82282.01,82282.01,82238.54,82238.54,60
2026-10-08T08:46,82243.31,82252.74,82186.43,82201.38,60
2026-10-08T08:47,82200.08,82217.71,82180.14,82188.41,60
2026-10-08T08:48,82188.82,82204.57,82149.38,82149.38,60
2026-10-08T08:51,82326.01,82359.08,82313.64,82335.42,20
2026-10-08T08:52,82310.67,82310.67,82122.67,82148.67,60
2026-10-08T08:53,82147.11,82281.28,82136.33,82264.78,60
2026-10-08T08:54,82278.14,82282.76,82233.93,82242.88,60
2026-10-08T08:55,82247.16,82300.84,82220.05,82246.42,60
2026-10-08T08:56,82246.9,82268.44,82195.23,82210.16,60
2026-10-08T08:57,82210.32,82241.86,82204.95,82237.5,60
2026-10-08T08:58,82239.5,82282.7,82227.08,82253.64,60
2026-10-08T09:01,82165.27,82179.65,82158.34,82159.41,5
2026-10-08T09:02,82156.92,82171.11,82060.35,82150.0,60
2026-10-08T09:03,82154.89,82213.54,82135.6,82211.96,60
2026-10-08T09:04,82211.92,82257.18,82159.5,82255.95,60
2026-10-08T09:05,82254.89,82297.9,82241.65,82289.78,60
2026-10-08T09:06,82292.75,82299.53,82246.34,82299.53,60
2026-10-08T09:07,82300.38,82376.94,82299.61,82376.94,60
2026-10-08T09:08,82377.38,82410.59,82360.78,82371.6,60
2026-10-08T09:09,82371.37,82386.22,82322.37,82348.15,60
2026-10-08T09:11,82433.62,82435.16,82432.66,82435.16,4
2026-10-08T09:12,82436.25,82463.08,82422.99,82426.34,60
2026-10-08T09:13,82425.65,82461.05,82413.76,82448.78,60
2026-10-08T09:14,82437.97,82438.76,82403.66,82416.37,60
2026-10-08T09:15,82415.82,82443.34,82414.65,82430.94,60
2026-10-08T09:16,82412.08,82450.56,82412.08,82445.49,60
2026-10-08T09:17,82443.67,82532.87,82441.82,82530.0,60
2026-10-08T09:18,82528.82,82533.09,82502.8,82511.16,60
2026-10-08T09:19,82512.62,82538.84,82500.06,82533.68,60
2026-10-08T09:21,82519.2,82529.05,82503.62,82503.62,20
2026-10-08T09:22,82525.18,82574.06,82509.84,82518.46,60
2026-10-08T09:23,82514.44,82521.95,82447.45,82481.15,60
2026-10-08T09:24,82478.81,82478.81,82432.89,82458.82,60
2026-10-08T09:25,82465.9,82465.9,82426.6,82441.07,60
2026-10-08T09:26,82439.81,82444.92,82389.94,82389.94,60
2026-10-08T09:27,82386.66,82386.66,82355.22,82373.24,60
2026-10-08T09:28,82381.9,82393.04,82343.9,82378.55,60
2026-10-08T09:31,82350.94,82350.94,82285.79,82287.99,17
2026-10-08T09:32,82291.33,82351.93,82245.24,82283.16,60
2026-10-08T09:33,82260.93,82273.12,82203.08,82204.03,60
2026-10-08T09:34,82192.63,82251.48,82175.13,82246.62,60
2026-10-08T09:35,82236.89,82236.89,82179.67,82192.87,60
2026-10-08T09:36,82210.83,82210.83,82141.98,82174.1,60
2026-10-08T09:37,82187.51,82190.76,82070.79,82092.34,60
2026-10-08T09:38,82091.32,82105.67,82005.49,82040.53,60
2026-10-08T09:39,82037.31,82089.47,82005.68,82048.76,60
2026-10-08T09:41,82000.16,82023.88,81982.49,81984.7,20
2026-10-08T09:42,81983.59,81986.13,81710.61,81737.87,60
2026-10-08T09:43,81728.78,82029.57,81704.92,82010.6,60
2026-10-08T09:44,82020.31,82043.97,81959.77,81976.62,60
2026-10-08T09:45,81964.03,81964.03,81733.59,81803.44,60
2026-10-08T09:46,81797.06,81925.03,81784.5,81814.7,60
2026-10-08T09:47,81826.22,81877.69,81777.44,81851.88,60
2026-10-08T09:48,81857.82,81932.25,81844.33,81911.43,60
2026-10-08T09:51,82103.15,82103.15,82061.73,82069.49,12
2026-10-08T09:52,82067.61,82102.75,82040.58,82067.21,60
2026-10-08T09:53,82066.81,82162.91,82039.44,82069.12,60
2026-10-08T09:54,82077.01,82093.68,82006.21,82016.18,60
2026-10-08T09:55,82007.91,82064.43,81998.93,82059.46,60
2026-10-08T09:56,82058.66,82058.66,81934.62,81946.63,60
2026-10-08T09:57,81946.15,82006.57,81920.08,81978.67,60
2026-10-08T09:58,81988.3,82070.41,81988.3,82070.41,60
2026-10-08T09:59,82069.27,82154.09,82069.27,82115.63,60
2026-10-08T10:01,82126.38,82189.47,82126.38,82163.64,23
2026-10-08T10:02,82165.36,82196.13,82128.37,82173.17,60
2026-10-08T10:03,82164.3,82174.73,82139.73,82157.71,60
2026-10-08T10:04,82156.91,82253.62,82145.55,82233.15,60
2026-10-08T10:05,82226.21,82320.13,82224.98,82310.58,60
2026-10-08T10:06,82314.42,82406.31,82297.2,82387.08,60
2026-10-08T10:07,82389.04,82406.12,82288.67,82329.81,60
2026-10-08T10:08,82326.68,82342.4,82272.42,82272.42,60
2026-10-08T10:11,82448.66,82503.1,82444.13,82501.69,23
2026-10-08T10:12,82501.05,82556.51,82446.39,82556.51,60
2026-10-08T10:13,82558.65,82558.65,82447.17,82474.73,60
2026-10-08T10:14,82467.13,82520.49,82447.7,82479.36,60
2026-10-08T10:15,82477.6,82539.21,82466.7,82471.33,60
2026-10-08T10:16,82474.47,82474.47,82434.22,82456.02,60
2026-10-08T10:17,82453.8,82455.83,82379.1,82449.08,60
2026-10-08T10:18,82446.89,82497.17,82443.32,82476.4,60
2026-10-08T10:21,82560.3,82592.79,82551.54,82592.3,18
2026-10-08T10:22,82585.68,82637.56,82558.53,82602.46,60
2026-10-08T10:23,82601.49,82601.49,82515.17,82547.83,60
2026-10-08T10:24,82545.3,82557.01,82422.51,82461.49,60
2026-10-08T10:25,82460.91,82526.68,82459.91,82499.4,60
2026-10-08T10:26,82499.67,82561.76,82499.47,82554.05,60
2026-10-08T10:27,82550.58,82571.63,82530.08,82531.86,60
2026-10-08T10:28,82527.08,82632.85,82511.78,82622.04,60
2026-10-08T10:29,82623.13,82695.05,82623.13,82670.45,60
2026-10-08T10:42,82555.63,82565.76,82534.72,82546.39,28
2026-10-08T10:43,82543.36,82549.17,82460.18,82468.34,60
2026-10-08T10:44,82468.82,82525.49,82465.41,82507.12,60
2026-10-08T10:45,82507.58,82545.23,82498.59,82543.11,60
2026-10-08T10:46,82559.76,82583.78,82525.71,82550.13,60
2026-10-08T10:47,82548.8,82630.13,82545.48,82592.81,60
2026-10-08T10:48,82594.92,82614.76,82565.04,82605.24,60
2026-10-08T10:49,82616.06,82636.37,82591.97,82633.2,60
2026-10-08T10:52,82633.89,82672.62,82630.19,82630.42,57
2026-10-08T10:53,82629.04,82629.04,82558.82,82587.31,60
2026-10-08T10:54,82587.22,82594.08,82514.55,82566.75,60
2026-10-08T10:55,82574.72,82627.07,82551.65,82610.12,60
2026-10-08T10:56,82613.8,82662.37,82613.04,82613.04,60
2026-10-08T10:57,82603.47,82628.63,82592.64,82614.22,60
2026-10-08T10:58,82631.07,82720.43,82631.07,82720.43,60
2026-10-08T10:59,82721.42,82725.05,82642.2,82646.77,60
2026-10-08T11:01,82593.62,82608.43,82567.96,82568.59,23
2026-10-08T11:02,82568.74,82576.5,82538.88,82538.88,60
2026-10-08T11:03,82531.95,82545.55,82479.08,82488.11,60
2026-10-08T11:04,82486.9,82505.24,82434.5,82440.61,60
2026-10-08T11:05,82442.99,82442.99,82352.29,82368.67,60
2026-10-08T11:06,82379.88,82441.27,82364.26,82407.87,60
2026-10-08T11:07,82401.93,82432.34,82365.25,82369.74,60
2026-10-08T11:08,82373.11,82412.38,82310.36,82338.02,60
2026-10-08T11:11,82271.23,82284.27,82254.02,82276.45,14
2026-10-08T11:12,82279.25,82306.17,82243.13,82256.49,60
2026-10-08T11:13,82256.88,82256.88,82217.25,82235.74,60
2026-10-08T11:14,82237.04,82238.48,82101.76,82108.02,60
2026-10-08T11:15,82109.77,82155.12,82055.75,82104.4,60
2026-10-08T11:16,82104.0,82165.04,82018.52,82040.47,60
2026-10-08T11:17,82039.68,82100.95,82001.08,82039.7,60
2026-10-08T11:18,82033.34,82097.57,81953.86,81953.86,60
2026-10-08T11:19,81944.37,81944.37,81825.56,81934.0,60
2026-10-08T11:21,81807.49,81807.49,81735.87,81736.64,10
2026-10-08T11:22,81734.62,81753.9,81581.96,81593.39,60
2026-10-08T11:23,81589.67,81711.68,81293.99,81697.06,60
2026-10-08T11:24,81694.84,81695.4,81462.39,81512.9,60
2026-10-08T11:25,81499.92,81633.14,81403.99,81407.65,60
2026-10-08T11:26,81405.69,81461.51,81313.88,81402.37,60
2026-10-08T11:27,81408.49,81510.23,81364.63,81431.73,60
2026-10-08T11:28,81438.19,81512.06,81391.66,81393.05,60
2026-10-08T11:29,81382.82,81389.8,81215.54,81288.02,60
2026-10-08T11:32,81212.19,81439.88,81163.6,81434.24,55
2026-10-08T11:33,81445.01,81464.67,81282.75,81282.75,60
2026-10-08T11:34,81288.74,81288.74,81141.99,81141.99,60
2026-10-08T11:35,81147.24,81212.76,80998.58,81029.27,60
2026-10-08T11:36,81026.33,81224.16,81005.53,81119.58,60
2026-10-08T11:37,81115.96,81138.13,80929.59,80929.59,60
2026-10-08T11:38,80907.72,81169.31,80907.72,81153.04,60
2026-10-08T11:39,81153.06,81236.21,81100.72,81236.21,60
2026-10-08T11:41,81160.59,81160.59,81093.1,81129.38,17
2026-10-08T11:42,81146.68,81174.68,81061.07,81109.87,60
2026-10-08T11:43,81118.49,81163.72,81108.99,81145.76,60
2026-10-08T11:44,81148.27,81191.41,81131.46,81166.37,60
2026-10-08T11:45,81160.24,81290.24,81147.7,81151.79,60
2026-10-08T11:46,81149.59,81159.46,81082.3,81150.0,60
2026-10-08T11:47,81149.64,81230.57,81114.06,81230.57,60
2026-10-08T11:48,81227.94,81290.81,81170.09,81231.3,60
2026-10-08T11:49,81250.95,81366.75,81233.33,81366.75,60
2026-10-08T11:51,81423.7,81426.33,81391.33,81398.19,22
2026-10-08T11:52,81394.32,81394.32,81299.44,81305.37,60
2026-10-08T11:53,81308.72,81310.48,81178.62,81178.62,60
2026-10-08T11:54,81159.08,81170.39,81110.21,81144.05,60
2026-10-08T11:55,81139.09,81219.09,81068.32,81068.32,60
2026-10-08T11:56,81064.18,81096.78,80958.03,80958.03,60
2026-10-08T11:57,80968.75,81036.2,80952.99,81028.18,60
2026-10-08T11:58,81019.22,81030.77,80951.62,80953.18,60
2026-10-08T12:01,80927.97,81006.46,80927.97,81006.46,6
2026-10-08T12:02,81003.93,81067.05,80842.39,81063.7,60
2026-10-08T12:03,81067.08,81133.48,81000.77,81009.37,60
2026-10-08T12:04,81004.13,81047.95,80930.42,80984.78,60
2026-10-08T12:05,80996.11,81040.47,80936.0,80942.65,60
2026-10-08T12:06,80941.64,80965.13,80854.61,80879.88,60
2026-10-08T12:07,80872.92,80979.85,80749.46,80953.26,60
2026-10-08T12:08,80959.98,81042.74,80920.29,81037.59,60
2026-10-08T12:09,81040.88,81077.58,80975.36,81058.53,60
2026-10-08T12:11,81139.4,81139.4,81071.18,81071.18,15
2026-10-08T12:12,81070.97,81070.97,80976.59,80998.97,60
2026-10-08T12:13,80997.62,81055.41,80966.0,80996.32,60
2026-10-08T12:14,80997.37,80997.52,80943.13,80960.08,60
2026-10-08T12:15,80957.59,80987.61,80908.69,80969.93,60
2026-10-08T12:16,80972.07,80978.74,80883.49,80888.69,60
2026-10-08T12:17,80888.34,81276.8,80867.63,81221.25,60
2026-10-08T12:18,81197.91,81361.51,81156.31,81344.04,60
2026-10-08T12:19,81345.89,81358.71,81273.05,81289.41,60
2026-10-08T12:21,81334.87,81334.94,81316.01,81324.11,20
2026-10-08T12:22,81325.84,81325.84,81249.9,81257.19,60
2026-10-08T12:23,81256.66,81265.05,81184.36,81224.84,60
2026-10-08T12:24,81222.54,81316.6,81208.25,81264.71,60
2026-10-08T12:25,81262.64,81320.73,81222.84,81259.42,60
2026-10-08T12:26,81253.59,81336.25,81230.61,81328.75,60
2026-10-08T12:27,81327.37,81372.36,81291.8,81315.5,60
2026-10-08T12:28,81315.46,81319.81,81262.81,81268.88,60
2026-10-08T12:31,81075.51,81123.65,81062.04,81118.59,21
2026-10-08T12:32,81102.03,81248.64,81102.03,81197.96,60
2026-10-08T12:33,81196.09,81196.09,81034.83,81056.62,60
2026-10-08T12:34,81060.35,81213.42,81060.35,81204.75,60
2026-10-08T12:35,81192.99,81256.42,81172.7,81210.13,60
2026-10-08T12:36,81219.61,81242.11,81175.19,81204.08,60
2026-10-08T12:37,81206.22,81276.09,81179.37,81182.34,60
2026-10-08T12:38,81183.72,81267.42,81183.72,81249.77,60
2026-10-08T12:42,81311.52,81339.18,81267.5,81277.78,60
2026-10-08T12:43,81271.13,81280.36,81199.1,81211.74,60
2026-10-08T12:44,81215.72,81244.51,81190.89,81219.13,60
2026-10-08T12:45,81228.66,81291.01,81217.46,81282.01,60
2026-10-08T12:46,81284.59,81311.35,81223.82,81269.32,60
2026-10-08T12:47,81267.18,81267.18,81138.36,81138.36,60
2026-10-08T12:48,81143.33,81164.52,81052.52,81052.52,60
2026-10-08T12:49,81057.45,81083.95,80967.74,80973.33,60
2026-10-08T12:51,80944.83,80972.49,80939.45,80967.17,14
2026-10-08T12:52,80974.4,81032.0,80963.81,80992.35,60
2026-10-08T12:53,80983.15,81007.09,80929.31,80994.02,60
2026-10-08T12:54,80987.72,81019.43,80956.04,81013.98,60
2026-10-08T12:55,81005.94,81030.8,80942.16,80994.79,60
2026-10-08T12:56,80986.18,80986.18,80835.75,80858.45,60
2026-10-08T12:57,80846.17,81012.55,80846.17,80862.3,60
2026-10-08T12:58,80876.35,80899.51,80834.3,80875.99,60
2026-10-08T12:59,80875.13,80909.58,80847.97,80908.92,60
2026-10-08T13:11,80662.63,80706.22,80657.89,80706.22,21
2026-10-08T13:12,80689.87,80832.95,80687.77,80832.95,60
2026-10-08T13:13,80831.79,80900.23,80826.41,80875.98,60
2026-10-08T13:14,80876.39,80901.23,80832.9,80864.74,60
2026-10-08T13:15,80853.4,80870.06,80809.81,80847.73,60
2026-10-08T13:16,80840.0,80840.16,80717.96,80721.66,60
2026-10-08T13:17,80729.14,80761.53,80685.3,80754.07,60
2026-10-08T13:18,80753.71,80837.64,80733.45,80778.71,60
2026-10-08T13:21,80625.81,80640.12,80619.5,80619.5,16
2026-10-08T13:22,80619.24,80625.97,80547.19,80573.32,60
2026-10-08T13:23,80568.99,80641.34,80545.29,80591.4,60
2026-10-08T13:24,80587.42,80591.65,80407.25,80450.74,60
2026-10-08T13:25,80455.67,80493.51,80424.79,80448.52,60
2026-10-08T13:26,80454.54,80461.07,80324.13,80377.92,60
2026-10-08T13:27,80374.48,80506.55,80371.0,80506.55,60
2026-10-08T13:28,80511.54,80637.25,80462.65,80637.25,60
2026-10-08T13:29,80637.8,80702.16,80614.5,80666.02,60
2026-10-08T13:31,80739.33,80791.99,80716.76,80791.99,20
2026-10-08T13:32,80782.83,80812.99,80729.72,80745.94,60
2026-10-08T13:33,80740.68,80826.44,80738.08,80809.22,60
2026-10-08T13:34,80808.52,80835.57,80765.79,80765.79,60
2026-10-08T13:35,80767.39,80810.31,80736.13,80776.04,60
2026-10-08T13:36,80779.62,80835.64,80770.36,80770.36,60
2026-10-08T13:37,80759.38,80779.05,80695.3,80730.59,60
2026-10-08T13:38,80738.84,80756.71,80708.35,80756.71,60
2026-10-08T13:41,80804.56,80811.24,80798.46,80801.26,21
2026-10-08T13:42,80795.29,80826.17,80738.79,80793.11,60
2026-10-08T13:43,80792.73,80793.43,80728.12,80787.96,60
2026-10-08T13:44,80790.32,80793.56,80765.65,80772.06,60
2026-10-08T13:45,80766.99,80811.36,80738.25,80810.63,60
2026-10-08T13:46,80804.78,80823.41,80725.98,80725.98,60
2026-10-08T13:47,80713.02,80727.5,80694.34,80710.56,60
2026-10-08T13:48,80711.64,80712.49,80623.15,80645.34,60
2026-10-08T13:51,80500.86,80530.03,80500.86,80530.03,12
2026-10-08T13:52,80523.1,80554.89,80464.57,80538.94,60
2026-10-08T13:53,80527.62,80604.04,80509.94,80594.75,60
2026-10-08T13:54,80598.92,80630.63,80596.72,80601.81,60
2026-10-08T13:55,80600.79,80660.53,80584.44,80644.44,60
2026-10-08T13:56,80645.68,80659.14,80630.59,80631.75,60
2026-10-08T13:57,80633.99,80634.99,80560.98,80571.27,60
2026-10-08T13:58,80582.01,80626.01,80579.68,80614.15,60
2026-10-08T13:59,80615.38,80676.62,80615.38,80676.62,60
2026-10-08T14:01,80622.67,80656.95,80615.92,80656.53,19
2026-10-08T14:02,80656.3,80691.19,80634.3,80686.46,60
2026-10-08T14:03,80681.99,80682.32,80565.76,80590.49,60
2026-10-08T14:04,80590.23,80618.34,80537.95,80553.79,60
2026-10-08T14:05,80552.69,80565.58,80507.9,80546.73,60
2026-10-08T14:06,80565.46,80565.46,80520.48,80531.68,60
2026-10-08T14:07,80528.75,80528.75,80469.19,80473.5,60
2026-10-08T14:08,80473.94,80543.89,80471.6,80519.88,60
2026-10-08T14:09,80517.93,80583.46,80505.17,80508.41,60
2026-10-08T14:11,80525.47,80544.74,80519.92,80519.92,20
2026-10-08T14:12,80519.31,80604.42,80519.31,80600.13,60
2026-10-08T14:13,80596.27,80596.27,80535.93,80562.35,60
2026-10-08T14:14,80555.64,80741.6,80536.08,80722.35,60
2026-10-08T14:15,80725.59,80864.15,80721.39,80864.1,60
2026-10-08T14:16,80874.12,80904.56,80818.74,80898.9,60
2026-10-08T14:17,80904.85,80926.42,80845.15,80888.41,60
2026-10-08T14:18,80897.88,80898.45,80862.81,80871.69,60
2026-10-08T14:21,81238.13,81265.84,81228.1,81246.54,16
2026-10-08T14:22,81237.95,81345.38,81226.16,81341.46,60
2026-10-08T14:23,81346.8,81360.23,81243.35,81308.14,60
2026-10-08T14:24,81322.63,81379.58,81284.17,81379.58,60
2026-10-08T14:25,81372.54,81372.54,81295.6,81317.61,60
2026-10-08T14:26,81314.89,81345.45,81268.79,81342.86,60
2026-10-08T14:27,81343.79,81362.54,81331.62,81350.08,60
2026-10-08T14:28,81349.61,81397.48,81329.06,81368.27,60
2026-10-08T14:29,81367.67,81400.78,81362.75,81362.75,60
2026-10-08T14:31,81356.8,81356.8,81311.07,81327.46,17
2026-10-08T14:32,81322.53,81429.7,81298.87,81413.38,60
2026-10-08T14:33,81419.19,81443.14,81385.82,81435.79,60
2026-10-08T14:34,81453.03,81486.21,81400.8,81415.03,60
2026-10-08T14:35,81416.65,81433.15,81265.01,81278.53,60
2026-10-08T14:36,81294.62,81316.73,81269.36,81304.01,60
2026-10-08T14:37,81313.32,81329.32,81279.46,81319.39,60
2026-10-08T14:38,81324.42,81419.1,81321.37,81419.1,60
2026-10-08T14:39,81419.12,81456.67,81398.35,81456.67,60
2026-10-08T14:41,81462.48,81468.11,81444.28,81450.46,23
2026-10-08T14:42,81450.75,81463.52,81425.49,81428.79,60
2026-10-08T14:43,81426.98,81438.54,81411.15,81425.18,60
2026-10-08T14:44,81425.82,81484.56,81425.82,81454.29,60
2026-10-08T14:45,81453.94,81493.31,81409.85,81413.9,60
2026-10-08T14:46,81413.22,81437.02,81401.44,81420.36,60
2026-10-08T14:47,81418.34,81474.14,81418.34,81440.02,60
2026-10-08T14:48,81435.68,81440.66,81414.28,81414.28,60
2026-10-08T14:51,81404.03,81405.32,81384.75,81385.17,18
2026-10-08T14:52,81381.34,81408.79,81377.75,81400.67,60
2026-10-08T14:53,81390.51,81436.89,81387.59,81434.27,60
2026-10-08T14:54,81437.86,81455.9,81435.38,81446.94,60
2026-10-08T14:55,81443.37,81450.43,81416.51,81422.23,60
2026-10-08T14:56,81419.46,81438.09,81411.36,81433.48,60
2026-10-08T14:57,81432.81,81452.87,81399.28,81451.63,60
2026-10-08T14:58,81464.91,81464.91,81438.61,81441.9,60
2026-10-08T14:59,81443.04,81444.1,81411.93,81429.2,60
2026-10-08T15:01,81463.31,81510.88,81463.31,81479.79,22
2026-10-08T15:02,81479.61,81513.18,81479.61,81512.69,60
2026-10-08T15:03,81516.86,81532.83,81500.8,81531.55,60
2026-10-08T15:04,81528.31,81554.79,81516.0,81543.73,60
2026-10-08T15:05,81543.78,81559.41,81429.32,81437.38,60
2026-10-08T15:06,81435.39,81483.02,81435.39,81436.39,60
2026-10-08T15:07,81435.72,81435.72,81362.7,81365.43,60
2026-10-08T15:08,81369.5,81411.18,81360.61,81380.82,60
2026-10-08T15:11,81461.05,81477.32,81457.75,81473.02,17
2026-10-08T15:12,81472.75,81488.01,81413.01,81420.65,60
2026-10-08T15:13,81420.82,81466.49,81414.32,81451.12,60
2026-10-08T15:14,81450.89,81452.38,81428.29,81443.37,60
2026-10-08T15:15,81443.45,81474.85,81396.4,81412.86,60
2026-10-08T15:16,81411.85,81505.01,81411.85,81505.01,60
2026-10-08T15:17,81512.13,81538.18,81507.52,81538.18,60
2026-10-08T15:18,81539.5,81550.76,81507.59,81536.39,60
2026-10-08T15:19,81530.16,81565.16,81507.39,81558.76,60
2026-10-08T15:27,81654.23,81654.74,81635.78,81638.64,43
2026-10-08T15:28,81639.71,81656.69,81625.5,81649.0,60
2026-10-08T15:29,81648.72,81648.72,81626.12,81643.39,60
2026-10-08T15:30,81641.44,81668.98,81627.05,81668.98,60
2026-10-08T15:31,81666.26,81743.95,81660.85,81705.19,60
2026-10-08T15:32,81710.01,81731.69,81692.99,81693.91,60
2026-10-08T15:33,81696.11,81754.19,81668.5,81742.51,60
2026-10-08T15:34,81742.18,81755.92,81730.66,81747.69,60
2026-10-08T15:36,81738.05,81761.16,81737.81,81751.23,48
2026-10-08T15:37,81752.55,81758.77,81736.05,81749.14,60
2026-10-08T15:38,81747.76,81769.37,81738.92,81766.78,60
2026-10-08T15:39,81770.72,81777.85,81756.31,81767.03,60
2026-10-08T15:40,81769.04,81775.37,81691.27,81703.81,60
2026-10-08T15:41,81707.31,81737.79,81707.31,81734.13,60
2026-10-08T15:42,81731.59,81736.77,81697.9,81728.9,60
2026-10-08T15:43,81728.36,81734.17,81664.62,81685.85,60
2026-10-08T15:45,81682.6,81683.3,81650.9,81670.22,43
2026-10-08T15:46,81672.62,81675.84,81659.39,81669.64,60
2026-10-08T15:47,81669.88,81697.46,81658.13,81680.01,60
2026-10-08T15:48,81678.15,81702.55,81677.69,81700.18,60
2026-10-08T15:49,81699.91,81711.58,81661.6,81673.82,60
2026-10-08T15:50,81672.73,81703.12,81665.53,81703.12,60
2026-10-08T15:51,81686.11,81701.5,81680.64,81690.99,60
2026-10-08T15:52,81683.7,81722.7,81677.21,81722.7,60
2026-10-08T15:54,81740.87,81746.17,81726.74,81746.17,59
2026-10-08T15:55,81745.28,81751.74,81708.89,81738.82,60
2026-10-08T15:56,81741.01,81767.04,81740.42,81767.04,60
2026-10-08T15:57,81763.7,81780.32,81746.59,81746.59,60
2026-10-08T15:58,81753.98,81761.83,81728.76,81739.06,60
2026-10-08T15:59,81736.38,81739.09,81678.25,81705.92,60
2026-10-08T16:00,81711.94,81756.03,81711.94,81740.25,60
2026-10-08T16:01,81736.01,81785.9,81725.33,81778.49,60
2026-10-08T16:03,81760.1,81760.1,81729.21,81742.41,36
2026-10-08T16:04,81742.4,81760.07,81740.16,81748.07,60
2026-10-08T16:05,81747.46,81762.15,81730.85,81748.93,60
2026-10-08T16:06,81749.36,81801.17,81746.94,81801.17,60
2026-10-08T16:07,81802.04,81808.48,81782.51,81807.2,60
2026-10-08T16:08,81806.88,81808.31,81783.86,81803.11,60
2026-10-08T16:09,81802.87,81825.01,81802.78,81809.23,60
2026-10-08T16:10,81801.67,81826.7,81801.67,81825.98,60
2026-10-08T16:12,81799.55,81833.47,81798.05,81830.56,44
2026-10-08T16:13,81830.34,81837.18,81808.04,81827.43,60
2026-10-08T16:14,81827.66,81828.76,81815.74,81819.02,60
2026-10-08T16:15,81817.66,81820.8,81789.78,81797.52,60
2026-10-08T16:16,81797.08,81818.79,81792.72,81794.6,60
2026-10-08T16:17,81794.95,81820.19,81792.27,81812.54,60
2026-10-08T16:18,81812.55,81813.39,81791.02,81792.87,60
2026-10-08T16:19,81791.95,81795.99,81734.0,81734.0,60
2026-10-08T16:21,81702.96,81706.52,81700.72,81701.92,23
2026-10-08T16:22,81701.88,81712.52,81684.93,81704.84,60
2026-10-08T16:23,81705.21,81731.64,81698.56,81713.94,60
2026-10-08T16:24,81714.55,81715.16,81660.48,81660.48,60
2026-10-08T16:25,81662.51,81704.84,81649.07,81704.75,60
2026-10-08T16:26,81704.63,81763.45,81694.2,81746.43,60
2026-10-08T16:27,81746.7,81764.26,81743.6,81747.95,60
2026-10-08T16:28,81743.74,81759.38,81729.9,81732.15,60
2026-10-08T16:31,81695.71,81698.27,81665.25,81673.44,18
2026-10-08T16:32,81674.03,81690.23,81652.3,81661.33,60
2026-10-08T16:33,81660.4,81703.21,81644.55,81663.58,60
2026-10-08T16:34,81662.42,81700.61,81636.87,81694.42,60
2026-10-08T16:35,81694.97,81729.51,81687.88,81727.03,60
2026-10-08T16:36,81725.97,81736.4,81701.53,81703.65,60
2026-10-08T16:37,81703.99,81735.84,81703.99,81734.61,60
2026-10-08T16:38,81734.37,81735.43,81708.54,81711.92,60
2026-10-08T16:39,81711.77,81758.89,81711.77,81757.17,60
2026-10-08T16:41,81750.9,81761.45,81750.8,81759.21,22
2026-10-08T16:42,81759.59,81764.98,81749.34,81750.36,60
2026-10-08T16:43,81749.91,81778.88,81749.85,81767.79,60
2026-10-08T16:44,81765.91,81782.62,81749.92,81755.02,60
2026-10-08T16:45,81755.06,81757.76,81749.26,81753.57,60
2026-10-08T16:46,81753.36,81763.06,81748.38,81748.38,60
2026-10-08T16:47,81749.35,81752.34,81716.47,81721.6,60
2026-10-08T16:48,81722.14,81743.6,81718.25,81738.76,60
2026-10-08T16:51,81722.21,81730.21,81720.19,81720.69,22
2026-10-08T16:52,81711.67,81725.9,81696.36,81715.7,60
2026-10-08T16:53,81715.3,81725.39,81714.19,81722.62,60
2026-10-08T16:54,81722.62,81740.15,81717.92,81731.55,60
2026-10-08T16:55,81731.63,81738.58,81727.92,81737.18,60
2026-10-08T16:56,81737.18,81750.16,81722.54,81744.06,60
2026-10-08T16:57,81744.29,81771.54,81742.92,81744.21,60
2026-10-08T16:58,81744.0,81768.0,81733.35,81765.1,60
2026-10-08T17:01,81734.49,81736.59,81716.16,81716.87,8
2026-10-08T17:02,81721.01,81721.01,81662.5,81670.43,60
2026-10-08T17:03,81669.97,81672.23,81644.05,81644.05,60
2026-10-08T17:04,81643.22,81645.53,81622.11,81623.81,60
2026-10-08T17:05,81622.98,81622.98,81567.92,81587.27,60
2026-10-08T17:06,81586.83,81601.38,81580.57,81589.57,60
2026-10-08T17:07,81589.87,81613.17,81589.78,81611.51,60
2026-10-08T17:08,81611.48,81635.79,81611.02,81630.58,60
2026-10-08T17:09,81629.8,81633.45,81616.28,81628.71,60
2026-10-08T17:11,81685.42,81690.13,81669.94,81680.42,21
2026-10-08T17:12,81679.02,81679.02,81657.21,81670.71,60
2026-10-08T17:13,81670.72,81709.43,81670.6,81705.38,60
2026-10-08T17:14,81706.47,81715.73,81676.37,81695.07,60
2026-10-08T17:15,81696.01,81706.81,81692.16,81700.37,60
2026-10-08T17:16,81701.81,81702.81,81662.19,81679.27,60
2026-10-08T17:17,81678.89,81691.22,81671.8,81682.72,60
2026-10-08T17:18,81682.17,81729.57,81682.17,81703.24,60
2026-10-08T17:21,81736.83,81738.71,81735.16,81735.76,22
2026-10-08T17:22,81735.62,81737.58,81689.2,81689.59,60
2026-10-08T17:23,81687.13,81697.25,81687.13,81692.82,60
2026-10-08T17:24,81692.98,81709.48,81648.86,81648.86,60
2026-10-08T17:25,81650.03,81653.65,81605.08,81609.89,60
2026-10-08T17:26,81609.3,81628.62,81602.98,81602.98,60
2026-10-08T17:27,81604.28,81646.08,81604.28,81630.68,60
2026-10-08T17:28,81628.46,81632.72,81623.13,81627.56,60
2026-10-08T17:31,81620.65,81626.67,81619.51,81626.38,22
2026-10-08T17:32,81627.43,81628.92,81603.92,81610.5,60
2026-10-08T17:33,81610.27,81618.49,81604.87,81612.8,60
2026-10-08T17:34,81612.02,81612.02,81598.19,81598.66,60
2026-10-08T17:35,81608.9,81647.43,81608.9,81637.93,60
2026-10-08T17:36,81648.33,81660.63,81641.23,81650.98,60
2026-10-08T17:37,81654.37,81674.1,81654.35,81670.94,60
2026-10-08T17:38,81670.88,81676.37,81660.52,81665.33,60
2026-10-08T17:42,81647.21,81647.49,81642.99,81645.5,10
2026-10-08T17:43,81645.71,81655.63,81640.35,81650.58,60
2026-10-08T17:44,81648.36,81648.36,81605.43,81636.48,60
2026-10-08T17:45,81636.09,81643.46,81596.36,81598.94,60
2026-10-08T17:46,81598.79,81598.79,81567.31,81569.99,60
2026-10-08T17:47,81569.75,81578.99,81565.36,81571.1,60
2026-10-08T17:48,81572.61,81574.41,81559.96,81565.4,60
2026-10-08T17:49,81564.83,81566.9,81557.8,81562.45,60
2026-10-08T17:50,81562.51,81567.94,81540.78,81553.21,60
2026-10-08T18:02,81674.7,81675.94,81674.7,81675.94,2
2026-10-08T18:03,81673.81,81673.81,81611.67,81617.39,60
2026-10-08T18:04,81625.13,81668.05,81616.53,81640.29,60
2026-10-08T18:05,81642.89,81655.98,81631.86,81650.39,60
2026-10-08T18:06,81663.49,81677.23,81658.56,81675.99,60
2026-10-08T18:07,81674.24,81684.99,81655.32,81666.62,60
2026-10-08T18:08,81666.96,81711.77,81666.48,81709.55,60
2026-10-08T18:09,81709.35,81766.21,81709.35,81745.13,60
2026-10-08T18:10,81744.54,81757.72,81720.17,81722.88,60
2026-10-08T18:11,81769.65,81773.0,81769.65,81773.0,7
2026-10-08T18:12,81771.39,81794.77,81748.14,81751.97,60
2026-10-08T18:13,81750.18,81783.89,81742.63,81780.69,60
2026-10-08T18:14,81783.42,81784.43,81760.86,81763.3,60
2026-10-08T18:15,81760.34,81769.37,81752.89,81769.16,60
2026-10-08T18:16,81768.36,81781.23,81766.32,81772.77,60
2026-10-08T18:17,81772.52,81786.89,81771.77,81781.25,60
2026-10-08T18:18,81782.19,81790.81,81771.35,81786.72,60
2026-10-08T18:19,81787.2,81787.56,81741.66,81758.78,60
2026-10-08T18:21,81756.37,81757.89,81749.14,81749.87,22
2026-10-08T18:22,81745.14,81747.35,81735.55,81737.31,60
2026-10-08T18:23,81737.61,81738.85,81710.57,81717.09,60
2026-10-08T18:24,81716.51,81729.04,81716.51,81729.04,60
2026-10-08T18:25,81729.63,81744.69,81726.17,81744.69,60
2026-10-08T18:26,81743.22,81760.84,81742.84,81752.84,60
2026-10-08T18:27,81752.74,81760.24,81751.05,81756.46,60
2026-10-08T18:28,81756.46,81769.86,81744.77,81753.03,60
2026-10-08T18:31,81709.34,81711.55,81704.37,81710.29,21
2026-10-08T18:32,81709.77,81750.92,81704.34,81747.48,60
2026-10-08T18:33,81748.66,81782.69,81747.82,81778.95,60
2026-10-08T18:34,81779.58,81808.29,81779.58,81805.04,60
2026-10-08T18:35,81805.14,81851.38,81797.29,81840.35,60
2026-10-08T18:36,81840.12,81854.65,81800.63,81800.63,60
2026-10-08T18:37,81799.56,81834.99,81796.83,81833.37,60
2026-10-08T18:38,81833.28,81838.65,81827.03,81837.08,60
2026-10-08T18:41,81856.56,81868.88,81856.52,81866.34,23
2026-10-08T18:42,81866.26,81866.36,81833.03,81846.03,60
2026-10-08T18:43,81846.66,81846.66,81837.61,81844.14,60
2026-10-08T18:44,81833.8,81854.3,81833.8,81849.36,60
2026-10-08T18:45,81850.12,81879.38,81845.92,81879.38,60
2026-10-08T18:46,81880.9,81884.3,81865.45,81875.84,60
2026-10-08T18:47,81876.24,81886.95,81869.28,81870.45,60
2026-10-08T18:48,81869.99,81869.99,81862.72,81869.19,60
2026-10-08T18:51,81828.19,81828.25,81813.99,81814.68,13
2026-10-08T18:52,81814.66,81816.09,81801.31,81808.49,60
2026-10-08T18:53,81807.42,81815.09,81807.42,81814.0,60
2026-10-08T18:54,81814.3,81836.19,81790.83,81792.8,60
2026-10-08T18:55,81792.88,81797.59,81772.81,81776.11,60
2026-10-08T18:56,81777.76,81790.98,81749.85,81750.03,60
2026-10-08T18:57,81750.19,81779.62,81750.19,81779.62,60
2026-10-08T18:58,81779.68,81806.43,81773.98,81799.96,60
2026-10-08T18:59,81799.89,81835.92,81799.89,81835.92,60
2026-10-08T19:01,81873.65,81875.56,81849.78,81870.19,21
2026-10-08T19:02,81867.95,81875.39,81823.25,81860.94,60
2026-10-08T19:03,81855.34,81875.26,81822.09,81830.25,60
2026-10-08T19:04,81830.52,81858.55,81826.19,81830.53,60
2026-10-08T19:05,81829.13,81834.71,81806.22,81806.22,60
2026-10-08T19:06,81806.94,81807.65,81783.76,81783.76,60
2026-10-08T19:07,81784.79,81785.63,81765.03,81781.57,60
2026-10-08T19:08,81783.56,81786.69,81771.4,81775.16,60
2026-10-08T19:11,81795.18,81811.27,81795.18,81807.86,18
2026-10-08T19:12,81807.77,81810.69,81778.18,81778.25,60
2026-10-08T19:13,81776.49,81790.01,81762.6,81783.82,60
2026-10-08T19:14,81783.75,81789.06,81766.72,81767.48,60
2026-10-08T19:15,81770.59,81785.52,81769.54,81777.63,60
2026-10-08T19:16,81777.5,81783.59,81774.99,81779.16,60
2026-10-08T19:17,81779.47,81804.35,81777.98,81791.2,60
2026-10-08T19:18,81791.62,81794.26,81780.2,81780.2,60
2026-10-08T19:19,81780.96,81789.08,81771.04,81786.57,60
2026-10-08T19:21,81839.01,81839.06,81818.47,81820.45,17
2026-10-08T19:22,81821.63,81837.46,81821.1,81835.27,60
2026-10-08T19:23,81834.33,81834.33,81817.17,81826.22,60
2026-10-08T19:24,81826.73,81855.29,81814.46,81849.89,60
2026-10-08T19:25,81850.31,81850.31,81808.96,81814.85,60
2026-10-08T19:26,81814.62,81828.03,81812.41,81812.8,60
2026-10-08T19:27,81812.67,81814.03,81794.92,81798.17,60
2026-10-08T19:28,81798.58,81802.57,81767.41,81772.08,60
2026-10-08T19:29,81772.98,81786.08,81772.03,81780.93,60
2026-10-08T19:31,81818.26,81818.26,81797.93,81805.14,21
2026-10-08T19:32,81804.75,81827.15,81804.65,81818.2,60
2026-10-08T19:33,81817.72,81822.42,81800.03,81806.91,60
2026-10-08T19:34,81806.35,81816.48,81806.35,81812.78,60
2026-10-08T19:35,81814.52,81858.47,81814.52,81824.06,60
2026-10-08T19:36,81824.14,81830.61,81781.25,81781.76,60
2026-10-08T19:37,81780.55,81782.46,81768.96,81777.57,60
2026-10-08T19:38,81781.14,81781.14,81755.6,81777.37,60
2026-10-08T19:41,81784.57,81800.47,81784.03,81800.47,21
2026-10-08T19:42,81795.66,81797.95,81771.27,81771.27,60
2026-10-08T19:43,81768.88,81772.38,81734.17,81734.96,60
2026-10-08T19:44,81757.53,81757.53,81741.64,81744.7,60
2026-10-08T19:45,81745.44,81745.9,81709.97,81721.93,60
2026-10-08T19:46,81723.27,81723.72,81684.83,81691.4,60
2026-10-08T19:47,81690.86,81692.35,81646.72,81658.75,60
2026-10-08T19:48,81657.74,81660.17,81630.64,81641.22,60
2026-10-08T19:51,81684.11,81703.0,81684.11,81702.75,22
2026-10-08T19:52,81703.01,81716.17,81690.82,81698.4,60
2026-10-08T19:53,81700.38,81700.38,81662.27,81662.27,60
2026-10-08T19:54,81662.48,81662.48,81634.44,81658.97,60
2026-10-08T19:55,81658.04,81659.77,81639.41,81654.03,60
2026-10-08T19:56,81655.35,81656.4,81633.74,81634.33,60
2026-10-08T19:57,81634.23,81645.31,81632.86,81636.52,60
2026-10-08T19:58,81636.89,81683.61,81636.8,81677.58,60
2026-10-08T20:01,81726.59,81726.59,81721.26,81723.36,9
2026-10-08T20:02,81722.26,81723.23,81676.71,81676.71,60
2026-10-08T20:03,81667.38,81673.13,81658.72,81659.26,60
2026-10-08T20:04,81659.38,81750.76,81659.38,81750.76,60
2026-10-08T20:05,81748.99,81772.54,81742.21,81765.55,60
2026-10-08T20:06,81766.97,81775.28,81702.27,81712.55,60
2026-10-08T20:07,81712.63,81731.08,81689.69,81713.71,60
2026-10-08T20:08,81715.2,81731.3,81704.08,81724.08,60
2026-10-08T20:09,81726.5,81728.28,81710.66,81719.59,60
2026-10-08T20:11,81753.92,81759.95,81751.35,81756.54,8
2026-10-08T20:12,81756.75,81789.7,81752.71,81787.22,60
2026-10-08T20:13,81780.98,81786.52,81752.11,81766.18,60
2026-10-08T20:14,81766.5,81780.38,81764.53,81769.02,60
2026-10-08T20:15,81767.94,81790.06,81743.78,81744.71,60
2026-10-08T20:16,81744.18,81750.31,81721.65,81735.99,60
2026-10-08T20:17,81735.86,81739.77,81695.01,81707.9,60
2026-10-08T20:18,81709.44,81717.7,81681.9,81693.62,60
2026-10-08T20:19,81693.26,81707.61,81656.73,81656.98,60
2026-10-08T20:21,81668.92,81683.68,81666.78,81669.4,16
2026-10-08T20:22,81669.19,81699.86,81669.19,81678.6,60
2026-10-08T20:23,81673.81,81697.67,81644.99,81645.44,60
2026-10-08T20:24,81646.21,81689.51,81644.85,81668.96,60
2026-10-08T20:25,81674.29,81676.41,81639.0,81651.7,60
2026-10-08T20:26,81645.24,81683.83,81630.82,81661.7,60
2026-10-08T20:27,81659.33,81677.78,81643.31,81643.31,60
2026-10-08T20:28,81647.0,81685.06,81647.0,81685.06,60
2026-10-08T20:29,81683.49,81699.5,81674.17,81696.36,60
2026-10-08T20:32,81766.9,81786.31,81746.83,81782.0,60
2026-10-08T20:33,81784.44,81824.13,81772.66,81780.18,60
2026-10-08T20:34,81780.67,81792.57,81723.5,81730.58,60
2026-10-08T20:35,81734.01,81745.77,81712.59,81742.76,60
2026-10-08T20:36,81748.55,81789.15,81734.9,81776.72,60
2026-10-08T20:37,81771.18,81771.87,81720.06,81722.91,60
2026-10-08T20:38,81722.83,81724.93,81705.06,81715.72,60
2026-10-08T20:39,81706.52,81724.46,81677.38,81701.64,60
2026-10-08T20:41,81734.56,81750.99,81731.2,81750.99,20
2026-10-08T20:42,81748.26,81769.21,81748.26,81761.37,60
2026-10-08T20:43,81761.45,81802.98,81760.02,81777.34,60
2026-10-08T20:44,81777.7,81777.7,81756.58,81770.91,60
2026-10-08T20:45,81768.23,81785.61,81756.71,81771.56,60
2026-10-08T20:46,81770.14,81790.39,81746.73,81790.39,60
2026-10-08T20:47,81788.27,81827.52,81788.27,81805.47,60
2026-10-08T20:48,81806.27,81807.17,81782.93,81790.41,60
2026-10-08T20:51,81779.82,81782.28,81773.79,81776.68,21
2026-10-08T20:52,81776.9,81810.74,81768.42,81803.47,60
2026-10-08T20:53,81806.6,81825.06,81805.19,81818.84,60
2026-10-08T20:54,81818.77,81821.38,81809.08,81814.45,60
2026-10-08T20:55,81814.78,81840.97,81813.85,81840.97,60
2026-10-08T20:56,81839.72,81843.4,81817.89,81835.62,60
2026-10-08T20:57,81834.09,81834.94,81793.23,81795.98,60
2026-10-08T20:58,81798.8,81800.0,81741.31,81741.31,60
2026-10-08T21:01,81773.09,81773.09,81745.52,81755.92,20
2026-10-08T21:02,81751.5,81799.66,81749.61,81798.61,60
2026-10-08T21:03,81798.79,81815.42,81736.45,81736.45,60
2026-10-08T21:04,81737.42,81751.12,81704.93,81741.26,60
2026-10-08T21:05,81743.44,81745.72,81711.01,81731.31,60
2026-10-08T21:06,81726.5,81730.27,81678.43,81681.59,60
2026-10-08T21:07,81671.51,81674.1,81624.16,81624.16,60
2026-10-08T21:08,81631.83,81673.96,81628.25,81673.19,60
2026-10-08T21:11,81686.43,81690.98,81665.65,81683.22,23
2026-10-08T21:12,81680.16,81684.04,81659.68,81684.04,60
2026-10-08T21:13,81684.97,81691.94,81659.39,81661.79,60
2026-10-08T21:14,81653.47,81673.27,81645.0,81668.94,60
2026-10-08T21:15,81668.53,81672.48,81596.59,81613.65,60
2026-10-08T21:16,81611.94,81627.71,81602.69,81603.45,60
2026-10-08T21:17,81599.59,81606.78,81583.41,81587.54,60
2026-10-08T21:18,81587.23,81610.81,81582.31,81607.72,60
2026-10-08T21:31,81737.04,81737.85,81707.65,81707.65,22
2026-10-08T21:32,81706.4,81710.16,81638.49,81664.95,60
2026-10-08T21:33,81666.84,81687.56,81647.9,81678.9,60
2026-10-08T21:34,81678.1,81746.68,81678.1,81740.81,60
2026-10-08T21:35,81754.95,81760.22,81697.86,81711.54,60
2026-10-08T21:36,81718.42,81726.5,81686.91,81686.91,60
2026-10-08T21:37,81684.05,81720.98,81677.04,81719.63,60
2026-10-08T21:38,81719.29,81731.15,81709.78,81724.59,60
2026-10-08T21:41,81825.5,81848.79,81824.37,81837.86,16
2026-10-08T21:42,81836.68,81844.64,81798.39,81839.57,60
2026-10-08T21:43,81840.05,81927.98,81840.05,81926.61,60
2026-10-08T21:44,81927.37,81927.5,81905.44,81906.3,60
2026-10-08T21:45,81910.06,81913.79,81885.52,81890.93,60
2026-10-08T21:46,81891.21,81900.17,81846.55,81850.45,60
2026-10-08T21:47,81851.32,81858.57,81828.18,81828.18,60
2026-10-08T21:48,81827.99,81887.84,81827.02,81887.25,60
2026-10-08T21:49,81885.49,81901.95,81866.78,81895.64,60
2026-10-08T21:51,81907.3,81911.67,81900.18,81911.67,22
2026-10-08T21:52,81907.72,81912.28,81897.65,81902.86,60
2026-10-08T21:53,81901.16,81913.83,81892.79,81899.24,60
2026-10-08T21:54,81876.3,81889.25,81864.92,81887.71,60
2026-10-08T21:55,81887.13,81888.63,81870.63,81882.56,60
2026-10-08T21:56,81882.41,81911.6,81874.74,81907.27,60
2026-10-08T21:57,81907.31,81908.72,81889.74,81908.39,60
2026-10-08T21:58,81907.83,81916.73,81889.08,81889.97,60
2026-10-08T22:01,81926.12,81935.82,81920.39,81935.82,22
2026-10-08T22:02,81935.2,81960.3,81925.89,81945.96,60
2026-10-08T22:03,81946.96,81969.99,81934.11,81967.71,60
2026-10-08T22:04,81967.3,81967.3,81923.91,81942.28,60
2026-10-08T22:05,81941.52,81963.78,81929.97,81963.0,60
2026-10-08T22:06,81961.5,82047.55,81961.5,82020.57,60
2026-10-08T22:07,82028.36,82064.41,82024.85,82050.48,60
2026-10-08T22:08,82048.91,82052.94,81993.55,82052.94,60
2026-10-08T22:11,81940.71,81978.5,81938.94,81978.5,22
2026-10-08T22:12,81978.02,81981.2,81940.53,81957.46,60
2026-10-08T22:13,81956.8,81966.94,81941.16,81963.25,60
2026-10-08T22:14,81963.42,81995.78,81954.1,81965.17,60
2026-10-08T22:15,81962.69,81982.23,81920.96,81951.7,60
2026-10-08T22:16,81952.38,81966.11,81886.35,81891.4,60
2026-10-08T22:17,81891.35,81971.08,81879.48,81968.57,60
2026-10-08T22:18,81970.73,81971.59,81906.74,81913.02,60
2026-10-08T22:22,81945.02,81958.55,81945.02,81947.4,17
2026-10-08T22:23,81949.2,81949.2,81921.48,81922.59,60
2026-10-08T22:24,81922.94,81954.79,81919.38,81936.69,60
2026-10-08T22:25,81936.82,81937.02,81858.24,81871.94,60
2026-10-08T22:26,81871.33,81898.81,81861.05,81871.43,60
2026-10-08T22:27,81878.26,81902.35,81868.13,81878.18,60
2026-10-08T22:28,81872.04,81893.36,81871.55,81872.93,60
2026-10-08T22:29,81871.31,81874.92,81846.92,81855.04,60
2026-10-08T22:30,81856.09,81882.42,81847.51,81858.0,60
2026-10-08T22:31,81848.33,81855.16,81844.84,81853.48,22
2026-10-08T22:32,81852.76,81901.61,81849.3,81881.27,60
2026-10-08T22:33,81881.06,81904.15,81874.0,81884.1,60
2026-10-08T22:34,81889.58,81900.58,81877.09,81899.2,60
2026-10-08T22:35,81900.73,81956.56,81900.73,81956.56,60
2026-10-08T22:36,81955.4,81956.85,81909.13,81909.47,60
2026-10-08T22:37,81908.81,81940.57,81908.29,81919.89,60
2026-10-08T22:38,81920.54,81943.0,81901.43,81903.47,60
2026-10-08T22:41,81948.75,81951.74,81948.42,81950.76,13
2026-10-08T22:42,81949.15,81978.7,81949.09,81957.45,60
2026-10-08T22:43,81957.61,81984.19,81934.26,81978.44,60
2026-10-08T22:44,81978.39,81992.96,81963.27,81968.52,60
2026-10-08T22:45,81970.8,81975.87,81938.72,81939.17,60
2026-10-08T22:46,81939.01,81972.25,81938.64,81949.56,60
2026-10-08T22:47,81949.63,82036.88,81949.63,82017.02,60
2026-10-08T22:48,82010.64,82058.46,82006.79,82048.13,60
2026-10-08T22:49,82047.92,82057.61,82047.5,82051.76,60
2026-10-08T22:52,82107.8,82139.5,82076.89,82139.5,54
2026-10-08T22:53,82139.57,82283.0,82138.51,82271.49,60
2026-10-08T22:54,82269.84,82299.7,82176.28,82177.94,60
2026-10-08T22:55,82176.98,82190.97,82125.1,82126.08,60
2026-10-08T22:56,82125.96,82155.88,82109.07,82112.95,60
2026-10-08T22:57,82117.11,82132.67,82108.01,82116.31,60
2026-10-08T22:58,82116.27,82119.24,82097.41,82110.14,60
2026-10-08T22:59,82110.13,82110.13,82047.35,82060.91,60
2026-10-08T23:01,82121.03,82122.29,82076.19,82078.1,23
2026-10-08T23:02,82053.43,82081.12,82043.2,82043.2,60
2026-10-08T23:03,82044.9,82044.9,81979.08,82001.14,60
2026-10-08T23:04,81993.9,82047.76,81991.53,82046.71,60
2026-10-08T23:05,82042.3,82050.21,82018.02,82044.19,60
2026-10-08T23:06,82047.0,82067.1,82043.3,82064.24,60
2026-10-08T23:07,82075.22,82083.69,82051.34,82059.92,60
2026-10-08T23:08,82063.34,82083.67,82057.1,82062.33,60
2026-10-08T23:11,82037.63,82050.64,82035.18,82035.18,14
2026-10-08T23:12,82044.61,82054.32,82032.95,82032.95,60
2026-10-08T23:13,82034.99,82049.04,82022.96,82022.96,60
2026-10-08T23:14,82023.12,82023.12,82011.11,82017.88,60
2026-10-08T23:15,82017.94,82057.69,82013.42,82057.28,60
2026-10-08T23:16,82057.51,82067.71,82033.9,82061.72,60
2026-10-08T23:17,82057.04,82066.56,82046.11,82059.63,60
2026-10-08T23:18,82058.63,82108.48,82057.69,82104.82,60
2026-10-08T23:19,82107.84,82125.62,82094.41,82125.15,60
2026-10-08T23:21,82175.79,82182.36,82175.79,82182.36,16
2026-10-08T23:22,82182.46,82186.5,82147.21,82147.21,60
2026-10-08T23:23,82135.41,82161.07,82115.4,82160.24,60
2026-10-08T23:24,82167.91,82167.91,82147.41,82155.95,60
2026-10-08T23:25,82156.15,82186.64,82155.01,82184.68,60
2026-10-08T23:26,82182.72,82182.72,82137.93,82149.82,60
2026-10-08T23:27,82149.97,82161.4,82141.18,82159.18,60
2026-10-08T23:28,82160.1,82166.04,82150.3,82150.3,60
2026-10-08T23:29,82149.97,82161.8,82147.75,82155.34,60
2026-10-08T23:31,82132.69,82132.69,82116.29,82121.24,20
2026-10-08T23:32,82120.45,82144.34,82118.47,82137.34,60
2026-10-08T23:33,82136.26,82139.78,82131.04,82135.82,60
2026-10-08T23:34,82135.78,82168.5,82131.83,82166.0,60
2026-10-08T23:35,82167.17,82185.9,82166.22,82183.77,60
2026-10-08T23:36,82182.54,82205.95,82181.94,82201.78,60
2026-10-08T23:37,82200.61,82215.47,82198.24,82210.24,60
2026-10-08T23:38,82209.76,82209.76,82177.24,82178.52,60
2026-10-08T23:52,82271.48,82271.48,82261.31,82261.31,6
2026-10-08T23:53,82261.87,82310.0,82261.87,82310.0,60
2026-10-08T23:54,82316.42,82365.39,82308.03,82365.39,60
2026-10-08T23:55,82364.44,82367.98,82313.83,82315.92,60
2026-10-08T23:56,82315.55,82332.3,82303.8,82330.44,60
2026-10-08T23:57,82330.76,82359.51,82325.7,82356.36,60
2026-10-08T23:58,82356.07,82356.07,82344.89,82348.18,60
2026-10-08T23:59,82348.09,82364.36,82348.09,82356.72,60
2026-10-09T00:00,82357.16,82369.96,82349.96,82354.71,60
2026-10-09T00:01,82413.29,82438.06,82412.39,82436.18,16
2026-10-09T00:02,82436.36,82436.47,82378.17,82412.05,60
2026-10-09T00:03,82409.61,82409.61,82381.49,82387.98,60
2026-10-09T00:04,82388.23,82391.23,82371.66,82386.26,60
2026-10-09T00:05,82387.19,82387.19,82347.42,82353.11,60
2026-10-09T00:06,82347.82,82366.13,82347.82,82360.18,60
2026-10-09T00:07,82359.37,82418.17,82359.37,82370.9,60
2026-10-09T00:08,82373.61,82427.31,82373.61,82412.42,60
2026-10-09T00:09,82412.45,82417.21,82402.71,82407.51,60
2026-10-09T00:11,82410.09,82412.22,82409.76,82411.17,19
2026-10-09T00:12,82411.42,82452.13,82410.51,82443.99,60
2026-10-09T00:13,82444.18,82449.85,82422.57,82441.47,60
2026-10-09T00:14,82440.63,82446.45,82438.33,82446.45,60
2026-10-09T00:15,82445.96,82448.53,82403.89,82419.16,60
2026-10-09T00:16,82419.08,82447.53,82419.08,82440.86,60
2026-10-09T00:17,82446.71,82456.64,82444.17,82450.16,60
2026-10-09T00:18,82450.57,82454.32,82431.08,82439.34,60
2026-10-09T00:19,82456.15,82457.72,82440.19,82449.65,60
2026-10-09T00:21,82439.36,82445.41,82439.36,82443.1,14
2026-10-09T00:22,82443.99,82444.38,82413.72,82413.94,60
2026-10-09T00:23,82414.89,82415.09,82385.96,82395.39,60
2026-10-09T00:24,82395.39,82417.12,82388.13,82388.13,60
2026-10-09T00:25,82387.84,82388.78,82374.94,82378.72,60
2026-10-09T00:26,82378.95,82381.88,82367.48,82372.6,60
2026-10-09T00:27,82372.41,82380.01,82369.66,82377.24,60
2026-10-09T00:28,82377.21,82377.84,82374.46,82374.68,60
2026-10-09T00:29,82375.21,82376.46,82371.06,82371.62,60
2026-10-09T00:31,82373.63,82373.63,82367.61,82370.83,23
2026-10-09T00:32,82373.98,82398.04,82369.96,82375.88,60
2026-10-09T00:33,82375.94,82376.34,82361.66,82365.75,60
2026-10-09T00:34,82365.84,82394.19,82365.71,82391.06,60
2026-10-09T00:35,82390.68,82425.88,82387.62,82403.54,60
2026-10-09T00:36,82403.09,82404.4,82370.99,82376.51,60
2026-10-09T00:37,82376.46,82376.46,82335.38,82337.92,60
2026-10-09T00:38,82338.23,82359.9,82331.56,82333.27,60
2026-10-09T00:41,82299.5,82300.93,82278.33,82291.23,21
2026-10-09T00:42,82290.37,82301.45,82272.31,82279.54,60
2026-10-09T00:43,82285.62,82285.62,82269.88,82281.09,60
2026-10-09T00:44,82280.84,82283.0,82263.53,82277.56,60
2026-10-09T00:45,82278.17,82281.32,82273.44,82277.75,60
2026-10-09T00:46,82276.79,82280.71,82247.1,82247.64,60
2026-10-09T00:47,82247.67,82252.07,82233.76,82233.81,60
2026-10-09T00:48,82233.95,82237.25,82223.62,82234.2,60
2026-10-09T00:51,82177.25,82205.83,82177.25,82201.33,21
2026-10-09T00:52,82205.88,82212.57,82173.14,82173.14,60
2026-10-09T00:53,82175.66,82196.06,82165.22,82166.56,60
2026-10-09T00:54,82165.62,82191.18,82165.59,82189.59,60
2026-10-09T00:55,82204.68,82232.85,82204.68,82228.92,60
2026-10-09T00:56,82229.01,82242.59,82223.2,82224.18,60
2026-10-09T00:57,82215.23,82215.23,82191.02,82191.02,60
2026-10-09T00:58,82185.72,82210.38,82184.42,82210.38,60
2026-10-09T01:01,82177.72,82218.3,82167.48,82218.3,17
2026-10-09T01:02,82217.99,82244.85,82212.64,82244.85,60
2026-10-09T01:03,82245.25,82254.75,82236.09,82254.75,60
2026-10-09T01:04,82254.68,82262.06,82224.39,82257.86,60
2026-10-09T01:05,82257.8,82263.45,82253.12,82257.32,60
2026-10-09T01:06,82257.48,82264.59,82235.48,82240.81,60
2026-10-09T01:07,82241.0,82241.0,82215.7,82225.53,60
2026-10-09T01:08,82225.67,82246.74,82222.66,82233.45,60
2026-10-09T01:09,82233.33,82286.45,82229.33,82284.29,60
2026-10-09T01:11,82301.44,82303.42,82299.28,82299.77,20
2026-10-09T01:12,82299.71,82300.33,82270.61,82282.38,60
2026-10-09T01:13,82283.16,82297.24,82276.97,82296.36,60
2026-10-09T01:14,82295.77,82320.58,82294.04,82294.04,60
2026-10-09T01:15,82296.89,82321.32,82291.68,82316.93,60
2026-10-09T01:16,82317.64,82342.74,82303.92,82342.74,60
2026-10-09T01:17,82339.92,82385.18,82339.25,82383.5,60
2026-10-09T01:18,82385.17,82469.8,82385.17,82457.03,60
2026-10-09T01:21,82397.29,82397.29,82384.21,82384.72,24
2026-10-09T01:22,82386.4,82399.46,82366.9,82373.02,60
2026-10-09T01:23,82373.17,82396.8,82373.17,82391.38,60
2026-10-09T01:24,82391.31,82391.65,82368.34,82372.19,60
2026-10-09T01:25,82371.88,82416.32,82371.88,82416.32,60
2026-10-09T01:26,82415.19,82427.79,82411.42,82415.55,60
2026-10-09T01:27,82415.53,82467.82,82393.64,82465.73,60
2026-10-09T01:28,82464.96,82469.67,82455.88,82457.97,60
2026-10-09T01:31,82435.09,82452.96,82435.09,82451.28,21
2026-10-09T01:32,82451.44,82466.79,82444.3,82452.79,60
2026-10-09T01:33,82453.66,82467.72,82444.21,82462.76,60
2026-10-09T01:34,82462.68,82496.27,82462.68,82496.03,60
2026-10-09T01:35,82496.25,82526.12,82484.44,82524.26,60
2026-10-09T01:36,82524.36,82550.63,82523.23,82543.22,60
2026-10-09T01:37,82541.13,82541.51,82504.07,82517.47,60
2026-10-09T01:38,82522.62,82525.62,82494.64,82500.86,60
2026-10-09T01:41,82410.78,82437.95,82410.78,82418.99,24
2026-10-09T01:42,82418.99,82424.34,82404.27,82419.77,60
2026-10-09T01:43,82420.02,82454.9,82417.22,82454.54,60
2026-10-09T01:44,82454.73,82454.97,82431.48,82443.13,60
2026-10-09T01:45,82442.88,82453.52,82432.73,82438.03,60
2026-10-09T01:46,82440.89,82441.62,82404.66,82417.1,60
2026-10-09T01:47,82417.43,82417.88,82345.3,82363.0,60
2026-10-09T01:48,82362.27,82363.42,82290.76,82297.25,60
2026-10-09T01:51,82319.76,82319.84,82304.6,82312.4,22
2026-10-09T01:52,82310.35,82325.52,82272.53,82275.47,60
2026-10-09T01:53,82275.21,82276.84,82257.51,82270.19,60
2026-10-09T01:54,82270.87,82288.29,82266.87,82286.24,60
2026-10-09T01:55,82286.26,82315.65,82279.71,82312.78,60
2026-10-09T01:56,82310.49,82320.26,82306.96,82318.33,60
2026-10-09T01:57,82318.28,82322.15,82310.55,82320.14,60
2026-10-09T01:58,82320.47,82320.47,82311.7,82314.46,60
2026-10-09T02:11,82400.41,82400.41,82369.14,82371.57,23
2026-10-09T02:12,82370.95,82382.01,82370.36,82374.27,60
2026-10-09T02:13,82369.67,82392.8,82365.18,82389.95,60
2026-10-09T02:14,82390.36,82406.33,82389.99,82398.66,60
2026-10-09T02:15,82398.35,82408.22,82383.73,82408.22,60
2026-10-09T02:16,82407.54,82414.27,82388.7,82391.37,60
2026-10-09T02:17,82392.85,82395.44,82369.36,82382.19,60
2026-10-09T02:18,82391.71,82391.71,82379.8,82388.6,60
2026-10-09T02:21,82375.97,82394.48,82375.97,82385.8,24
2026-10-09T02:22,82385.8,82385.8,82368.2,82370.28,60
2026-10-09T02:23,82369.66,82385.59,82349.09,82382.86,60
2026-10-09T02:24,82380.51,82389.06,82367.54,82389.06,60
2026-10-09T02:25,82390.03,82416.23,82390.03,82416.23,60
2026-10-09T02:26,82415.77,82442.41,82413.6,82442.41,60
2026-10-09T02:27,82443.29,82462.56,82427.52,82431.5,60
2026-10-09T02:28,82431.95,82431.95,82408.78,82412.27,60
2026-10-09T02:31,82410.27,82420.02,82409.56,82412.13,24
2026-10-09T02:32,82414.2,82454.04,82411.03,82452.38,60
2026-10-09T02:33,82451.42,82461.14,82446.5,82457.81,60
2026-10-09T02:34,82457.89,82459.07,82439.35,82451.62,60
2026-10-09T02:35,82453.61,82459.86,82448.97,82450.39,60
2026-10-09T02:36,82452.06,82461.1,82450.37,82451.55,60
2026-10-09T02:37,82455.42,82462.87,82451.5,82462.34,60
2026-10-09T02:38,82462.09,82471.14,82459.69,82469.26,60
2026-10-09T02:41,82507.5,82524.31,82503.15,82506.42,24
2026-10-09T02:42,82509.93,82524.99,82508.67,82517.96,60
2026-10-09T02:43,82518.63,82518.92,82496.62,82496.96,60
2026-10-09T02:44,82498.89,82526.53,82497.43,82523.62,60
2026-10-09T02:45,82524.29,82556.65,82523.38,82555.22,60
2026-10-09T02:46,82555.43,82592.36,82555.1,82563.81,60
2026-10-09T02:47,82564.42,82578.42,82511.79,82512.26,60
2026-10-09T02:48,82513.72,82525.52,82509.3,82525.31,60
2026-10-09T02:51,82490.74,82516.82,82484.02,82515.13,23
2026-10-09T02:52,82513.62,82526.35,82484.93,82509.08,60
2026-10-09T02:53,82509.37,82509.37,82483.19,82487.26,60
2026-10-09T02:54,82487.11,82494.55,82479.96,82494.16,60
2026-10-09T02:55,82492.16,82502.39,82488.92,82496.27,60
2026-10-09T02:56,82498.67,82516.2,82496.87,82516.2,60
2026-10-09T02:57,82516.51,82520.03,82508.4,82512.89,60
2026-10-09T02:58,82512.71,82512.71,82500.24,82503.76,60
2026-10-09T03:01,82462.59,82477.22,82457.68,82477.22,23
2026-10-09T03:02,82481.12,82500.98,82462.92,82472.82,60
2026-10-09T03:03,82476.12,82485.56,82464.01,82464.41,60
2026-10-09T03:04,82464.01,82487.01,82445.4,82477.0,60
2026-10-09T03:05,82478.14,82483.11,82440.37,82452.89,60
2026-10-09T03:06,82455.84,82491.8,82455.84,82490.83,60
2026-10-09T03:07,82491.74,82495.33,82437.77,82439.7,60
2026-10-09T03:08,82441.02,82451.26,82434.65,82441.61,60
2026-10-09T03:11,82465.96,82490.7,82465.96,82483.56,23
2026-10-09T03:12,82483.4,82507.23,82483.08,82502.55,60
2026-10-09T03:13,82502.94,82522.02,82456.77,82456.77,60
2026-10-09T03:14,82456.83,82472.12,82438.34,82467.27,60
2026-10-09T03:15,82467.42,82497.34,82456.05,82467.7,60
2026-10-09T03:16,82467.58,82494.58,82467.58,82480.06,60
2026-10-09T03:17,82480.35,82495.77,82476.7,82478.56,60
2026-10-09T03:18,82479.14,82488.45,82476.29,82488.45,60
2026-10-09T03:21,82484.72,82489.78,82476.16,82480.84,25
2026-10-09T03:22,82481.36,82514.74,82481.1,82513.11,60
2026-10-09T03:23,82513.69,82541.69,82509.62,82513.79,60
2026-10-09T03:24,82513.75,82532.44,82505.55,82532.44,60
2026-10-09T03:25,82530.92,82544.05,82482.44,82482.44,60
2026-10-09T03:26,82481.39,82483.11,82454.71,82472.72,60
2026-10-09T03:27,82472.5,82475.23,82450.33,82453.97,60
2026-10-09T03:28,82454.07,82463.4,82445.51,82457.7,60
2026-10-09T03:31,82461.74,82472.56,82444.8,82470.02,24
2026-10-09T03:32,82469.37,82514.39,82469.37,82507.96,60
2026-10-09T03:33,82508.22,82529.28,82508.22,82529.28,60
2026-10-09T03:34,82528.12,82545.75,82516.24,82525.53,60
2026-10-09T03:35,82526.12,82540.11,82519.68,82534.27,60
2026-10-09T03:36,82534.18,82541.21,82508.1,82535.25,60
2026-10-09T03:37,82535.7,82537.52,82491.56,82507.75,60
2026-10-09T03:38,82507.37,82510.11,82453.74,82485.84,60
2026-10-09T03:41,82466.05,82473.32,82459.46,82465.19,24
2026-10-09T03:42,82466.92,82476.96,82464.37,82473.37,60
2026-10-09T03:43,82473.7,82475.52,82464.44,82471.66,60
2026-10-09T03:44,82468.19,82482.99,82468.19,82470.07,60
2026-10-09T03:45,82469.61,82470.18,82459.46,82465.12,60
2026-10-09T03:46,82465.03,82487.28,82461.56,82470.06,60
2026-10-09T03:47,82473.31,82479.35,82465.74,82472.62,60
2026-10-09T03:48,82473.33,82475.67,82443.21,82449.38,60
2026-10-09T03:51,82433.22,82435.55,82433.22,82434.36,24
2026-10-09T03:52,82430.11,82439.96,82427.32,82431.91,60
2026-10-09T03:53,82431.71,82454.32,82424.81,82452.19,60
2026-10-09T03:54,82451.34,82508.45,82450.24,82505.51,60
2026-10-09T03:55,82505.5,82555.33,82503.58,82544.58,60
2026-10-09T03:56,82543.99,82559.08,82538.63,82558.18,60
2026-10-09T03:57,82558.08,82569.84,82555.01,82567.43,60
2026-10-09T03:58,82539.4,82582.34,82530.17,82582.34,60
2026-10-09T04:01,82550.77,82555.38,82545.0,82550.09,25
2026-10-09T04:02,82549.82,82596.83,82544.15,82551.9,60
2026-10-09T04:03,82552.48,82559.68,82532.12,82548.95,60
2026-10-09T04:04,82539.51,82580.03,82537.92,82562.6,60
2026-10-09T04:05,82561.98,82586.83,82561.52,82579.3,60
2026-10-09T04:06,82579.83,82612.94,82565.86,82612.64,60
2026-10-09T04:07,82612.1,82621.17,82559.9,82573.43,60
2026-10-09T04:08,82569.62,82619.98,82569.62,82611.39,60
2026-10-09T04:11,82614.3,82627.01,82602.28,82627.01,21
2026-10-09T04:12,82626.18,82631.39,82614.22,82616.09,60
2026-10-09T04:13,82617.11,82625.53,82597.15,82616.28,60
2026-10-09T04:14,82615.68,82642.73,82604.38,82625.38,60
2026-10-09T04:15,82623.56,82625.3,82569.72,82574.96,60
2026-10-09T04:16,82575.22,82610.65,82570.86,82603.93,60
2026-10-09T04:17,82607.22,82623.86,82588.08,82613.6,60
2026-10-09T04:18,82613.55,82635.1,82606.54,82623.36,60
2026-10-09T04:31,82483.77,82486.23,82477.75,82483.03,19
2026-10-09T04:32,82486.63,82492.87,82467.97,82489.83,60
2026-10-09T04:33,82488.23,82488.23,82452.11,82452.49,60
2026-10-09T04:34,82452.98,82474.34,82452.51,82473.5,60
2026-10-09T04:35,82473.18,82481.97,82468.31,82476.89,60
2026-10-09T04:36,82477.15,82483.0,82464.69,82483.0,60
2026-10-09T04:37,82482.48,82490.04,82468.5,82487.39,60
2026-10-09T04:38,82486.64,82489.44,82455.31,82458.04,60
2026-10-09T04:41,82477.8,82482.53,82476.34,82479.8,23
2026-10-09T04:42,82480.23,82518.02,82477.73,82508.29,60
2026-10-09T04:43,82508.01,82529.85,82494.2,82528.59,60
2026-10-09T04:44,82526.77,82526.97,82509.69,82511.16,60
2026-10-09T04:45,82511.28,82512.19,82500.45,82510.48,60
2026-10-09T04:46,82509.89,82516.86,82493.97,82516.86,60
2026-10-09T04:47,82516.66,82516.66,82509.42,82509.42,60
2026-10-09T04:48,82509.17,82529.5,82509.17,82529.5,60
2026-10-09T04:51,82557.62,82558.99,82554.23,82555.19,19
2026-10-09T04:52,82558.28,82565.07,82548.18,82557.15,60
2026-10-09T04:53,82557.21,82562.84,82553.35,82561.84,60
2026-10-09T04:54,82561.55,82615.71,82553.34,82612.68,60
2026-10-09T04:55,82610.44,82632.89,82610.44,82631.99,60
2026-10-09T04:56,82632.3,82679.77,82600.12,82606.44,60
2026-10-09T04:57,82607.15,82616.21,82587.05,82611.4,60
2026-10-09T04:58,82644.85,82677.26,82642.59,82668.74,60
2026-10-09T04:59,82666.71,82678.88,82624.17,82624.65,60
2026-10-09T05:01,82579.34,82586.79,82570.27,82575.02,21
2026-10-09T05:02,82572.32,82574.93,82546.93,82547.47,60
2026-10-09T05:03,82547.4,82549.44,82536.49,82536.91,60
2026-10-09T05:04,82539.69,82542.99,82508.03,82508.66,60
2026-10-09T05:05,82509.89,82511.88,82500.78,82502.62,60
2026-10-09T05:06,82502.26,82510.88,82488.54,82501.5,60
2026-10-09T05:07,82499.77,82509.9,82499.37,82507.22,60
2026-10-09T05:08,82506.96,82507.78,82491.04,82496.24,60
2026-10-09T05:11,82485.7,82487.06,82483.41,82485.29,21
2026-10-09T05:12,82485.16,82519.68,82484.79,82510.93,60
2026-10-09T05:13,82511.83,82516.31,82502.9,82506.77,60
2026-10-09T05:14,82507.29,82510.65,82501.28,82504.98,60
2026-10-09T05:15,82505.24,82505.38,82486.91,82487.55,60
2026-10-09T05:16,82487.84,82489.52,82486.35,82488.39,60
2026-10-09T05:17,82488.25,82527.43,82487.41,82524.99,60
2026-10-09T05:18,82526.15,82540.78,82513.78,82524.71,60
2026-10-09T05:21,82520.8,82523.99,82516.89,82521.0,23
2026-10-09T05:22,82520.99,82521.59,82505.0,82511.45,60
2026-10-09T05:23,82510.76,82582.31,82510.76,82580.23,60
2026-10-09T05:24,82579.61,82625.85,82579.49,82582.09,60
2026-10-09T05:25,82582.63,82584.15,82566.31,82570.68,60
2026-10-09T05:26,82570.63,82616.47,82570.63,82581.26,60
2026-10-09T05:27,82581.3,82583.53,82571.82,82581.73,60
2026-10-09T05:28,82580.31,82606.75,82580.31,82588.29,60
2026-10-09T05:31,82581.04,82585.74,82575.48,82580.33,24
2026-10-09T05:32,82580.67,82580.67,82549.55,82552.23,60
2026-10-09T05:33,82551.54,82552.28,82541.63,82546.69,60
2026-10-09T05:34,82545.79,82588.14,82543.93,82582.74,60
2026-10-09T05:35,82583.0,82587.23,82571.03,82574.42,60
2026-10-09T05:36,82577.31,82589.07,82572.98,82582.3,60
2026-10-09T05:37,82574.73,82581.43,82562.98,82566.1,60
2026-10-09T05:38,82566.1,82566.1,82541.34,82543.07,60
2026-10-09T05:41,82559.74,82566.66,82558.15,82559.88,24
2026-10-09T05:42,82560.02,82561.78,82557.92,82560.82,60
2026-10-09T05:43,82560.98,82568.75,82532.17,82533.83,60
2026-10-09T05:44,82535.21,82547.27,82527.22,82544.2,60
2026-10-09T05:45,82553.14,82560.27,82546.55,82550.95,60
2026-10-09T05:46,82550.49,82560.96,82548.23,82557.77,60
2026-10-09T05:47,82558.05,82562.1,82554.84,82560.1,60
2026-10-09T05:48,82560.07,82562.28,82558.08,82559.63,60
2026-10-09T05:51,82573.65,82575.68,82569.72,82570.18,23
2026-10-09T05:52,82569.98,82584.3,82567.29,82578.6,60
2026-10-09T05:53,82580.82,82583.97,82580.2,82581.8,60
2026-10-09T05:54,82580.14,82607.16,82580.14,82596.02,60
2026-10-09T05:55,82595.64,82603.01,82590.55,82599.68,60
2026-10-09T05:56,82599.49,82600.48,82597.2,82597.63,60
2026-10-09T05:57,82597.93,82600.42,82588.65,82600.39,60
2026-10-09T05:58,82600.2,82602.45,82598.74,82600.75,60
2026-10-09T06:01,82557.21,82588.77,82557.21,82585.42,11
2026-10-09T06:02,82584.88,82613.1,82581.63,82610.37,60
2026-10-09T06:03,82610.84,82611.17,82599.17,82608.14,60
2026-10-09T06:04,82608.16,82623.52,82606.91,82620.87,60
2026-10-09T06:05,82620.33,82635.62,82620.33,82633.33,60
2026-10-09T06:06,82633.65,82635.56,82611.91,82626.39,60
2026-10-09T06:07,82626.19,82632.53,82620.23,82628.45,60
2026-10-09T06:08,82629.0,82629.43,82592.47,82602.15,60
2026-10-09T06:09,82602.04,82625.47,82592.06,82623.55,60
2026-10-09T06:11,82620.37,82632.49,82618.69,82630.47,23
2026-10-09T06:12,82629.88,82636.72,82621.62,82636.4,60
2026-10-09T06:13,82635.71,82636.09,82629.91,82635.49,60
2026-10-09T06:14,82635.44,82655.48,82626.47,82655.48,60
2026-10-09T06:15,82655.64,82657.35,82628.7,82628.7,60
2026-10-09T06:16,82628.7,82628.7,82618.06,82623.59,60
2026-10-09T06:17,82623.7,82624.39,82615.67,82617.34,60
2026-10-09T06:18,82617.12,82617.98,82598.06,82604.88,60
2026-10-09T06:21,82575.3,82576.06,82565.55,82567.92,24
2026-10-09T06:22,82568.04,82582.57,82565.36,82574.16,60
2026-10-09T06:23,82572.63,82574.41,82571.89,82572.91,60
2026-10-09T06:24,82573.91,82583.67,82573.2,82576.31,60
2026-10-09T06:25,82575.99,82582.13,82575.99,82581.25,60
2026-10-09T06:26,82585.28,82633.7,82585.28,82624.05,60
2026-10-09T06:27,82624.48,82625.26,82602.26,82602.73,60
2026-10-09T06:28,82603.35,82603.35,82579.79,82588.34,60
2026-10-09T06:31,82586.42,82588.22,82577.33,82577.44,24
2026-10-09T06:32,82575.96,82575.96,82566.45,82571.83,60
2026-10-09T06:33,82571.5,82572.75,82507.54,82511.1,60
2026-10-09T06:34,82510.41,82513.31,82452.54,82452.54,60
2026-10-09T06:35,82450.6,82464.6,82434.06,82437.29,60
2026-10-09T06:36,82436.49,82462.82,82423.73,82447.77,60
2026-10-09T06:37,82447.88,82467.75,82437.85,82442.5,60
2026-10-09T06:38,82442.79,82454.76,82411.31,82412.73,60
2026-10-09T06:51,82404.91,82432.11,82404.37,82429.65,21
2026-10-09T06:52,82424.19,82424.19,82379.1,82399.69,60
2026-10-09T06:53,82401.27,82426.57,82392.15,82408.29,60
2026-10-09T06:54,82410.18,82421.03,82407.38,82413.17,60
2026-10-09T06:55,82410.18,82444.27,82409.37,82438.53,60
2026-10-09T06:56,82438.68,82495.08,82433.59,82495.08,60
2026-10-09T06:57,82495.96,82515.81,82477.97,82514.86,60
2026-10-09T06:58,82514.82,82515.19,82484.28,82499.79,60
2026-10-09T07:01,82515.3,82515.3,82474.53,82474.53,19
2026-10-09T07:02,82460.15,82494.71,82442.44,82442.44,60
2026-10-09T07:03,82442.9,82465.75,82416.97,82427.57,60
2026-10-09T07:04,82427.59,82463.06,82421.4,82442.85,60
2026-10-09T07:05,82441.72,82467.01,82425.43,82464.22,60
2026-10-09T07:06,82465.02,82471.25,82449.35,82471.25,60
2026-10-09T07:07,82478.37,82486.47,82459.41,82485.16,60
2026-10-09T07:08,82483.84,82494.63,82461.6,82486.3,60
2026-10-09T07:09,82486.41,82487.6,82428.44,82434.34,60
2026-10-09T07:11,82416.41,82427.0,82411.46,82427.0,23
2026-10-09T07:12,82425.07,82431.08,82406.87,82418.47,60
2026-10-09T07:13,82418.01,82433.33,82417.45,82427.43,60
2026-10-09T07:14,82426.28,82445.55,82415.03,82438.91,60
2026-10-09T07:15,82438.57,82441.26,82402.33,82418.55,60
2026-10-09T07:16,82418.66,82501.42,82404.1,82497.25,60
2026-10-09T07:17,82490.63,82503.58,82484.58,82490.09,60
2026-10-09T07:18,82492.21,82492.21,82456.16,82472.82,60
2026-10-09T07:21,82433.84,82440.63,82422.72,82426.31,23
2026-10-09T07:22,82426.02,82462.91,82404.24,82462.91,60
2026-10-09T07:23,82460.92,82460.92,82444.22,82458.8,60
2026-10-09T07:24,82452.42,82480.7,82451.12,82463.31,60
2026-10-09T07:25,82462.93,82481.06,82453.3,82463.64,60
2026-10-09T07:26,82463.07,82464.09,82434.96,82449.58,60
2026-10-09T07:27,82448.47,82464.68,82439.8,82464.68,60
2026-10-09T07:28,82465.24,82491.08,82463.15,82490.49,60
2026-10-09T07:31,82570.32,82605.7,82569.25,82605.7,20
2026-10-09T07:32,82604.16,82778.73,82604.16,82683.85,60
2026-10-09T07:33,82676.61,82799.7,82622.16,82761.97,60
2026-10-09T07:34,82767.87,82826.19,82721.49,82785.05,60
2026-10-09T07:35,82782.28,82787.59,82724.51,82734.65,60
2026-10-09T07:36,82735.76,82793.42,82718.45,82792.57,60
2026-10-09T07:37,82780.37,82887.72,82758.27,82861.7,60
2026-10-09T07:38,82858.67,82916.78,82858.67,82896.21,60
2026-10-09T07:41,82851.87,82859.13,82821.24,82836.88,22
2026-10-09T07:42,82837.03,82923.2,82837.03,82917.28,60
2026-10-09T07:43,82919.66,82943.0,82902.41,82902.41,60
2026-10-09T07:44,82902.43,82941.65,82902.43,82931.0,60
2026-10-09T07:45,82931.56,83031.03,82929.64,83021.88,60
2026-10-09T07:46,83023.81,83430.88,83015.5,83416.97,60
2026-10-09T07:47,83441.39,83441.39,83323.46,83327.21,60
2026-10-09T07:48,83324.59,83424.95,83312.27,83312.54,60
2026-10-09T07:51,83290.54,83308.67,83272.72,83280.72,20
2026-10-09T07:52,83280.07,83315.23,83182.75,83188.45,60
2026-10-09T07:53,83187.15,83190.21,83147.48,83147.48,60
2026-10-09T07:54,83149.99,83185.71,83136.34,83163.87,60
2026-10-09T07:55,83166.32,83190.09,83156.9,83169.59,60
2026-10-09T07:56,83172.54,83195.52,83159.21,83191.66,60
2026-10-09T07:57,83188.94,83203.43,83146.73,83154.16,60
2026-10-09T07:58,83154.22,83154.22,83125.7,83152.6,60
2026-10-09T08:01,83208.41,83225.85,83196.82,83203.96,20
2026-10-09T08:02,83203.86,83206.88,83166.12,83170.77,60
2026-10-09T08:03,83170.88,83205.04,83165.53,83205.04,60
2026-10-09T08:04,83212.55,83265.28,83212.55,83263.27,60
2026-10-09T08:05,83258.73,83262.83,83184.01,83215.95,60
2026-10-09T08:06,83222.26,83262.76,83212.8,83234.36,60
2026-10-09T08:07,83235.33,83263.96,83230.74,83258.31,60
2026-10-09T08:08,83255.03,83352.09,83255.03,83327.64,60
2026-10-09T08:11,83258.28,83258.28,83235.86,83236.87,23
2026-10-09T08:12,83236.37,83252.05,83228.17,83242.57,60
2026-10-09T08:21,83100.23,83119.28,83078.73,83081.81,23
2026-10-09T08:22,83080.1,83103.91,83054.75,83069.25,60
2026-10-09T08:23,83064.63,83116.96,83042.77,83106.0,60
2026-10-09T08:24,83103.8,83103.8,83069.03,83071.13,60
2026-10-09T08:25,83071.25,83077.8,83010.11,83010.12,60
2026-10-09T08:26,83009.3,83058.44,83009.3,83027.08,60
2026-10-09T08:27,83027.64,83058.36,83020.8,83024.44,60
2026-10-09T08:28,83024.46,83054.75,83007.32,83014.07,60
2026-10-09T08:31,83009.67,83015.59,82996.59,83010.38,23
2026-10-09T08:32,83011.11,83056.01,83009.85,83045.3,60
2026-10-09T08:33,83045.41,83113.36,83043.29,83099.79,60
2026-10-09T08:34,83099.31,83114.49,83068.1,83068.1,60
2026-10-09T08:35,83070.25,83078.54,83028.0,83078.54,60
2026-10-09T08:36,83074.73,83076.45,83056.57,83067.63,60
2026-10-09T08:37,83053.05,83112.54,83053.05,83108.1,60
2026-10-09T08:38,83096.12,83125.76,83084.42,83113.21,60
2026-10-09T08:41,83055.28,83074.26,83053.85,83071.95,22
2026-10-09T08:42,83066.41,83072.91,83046.3,83046.3,60
2026-10-09T08:43,83046.32,83046.32,82990.44,82990.44,60
2026-10-09T08:44,82960.34,82979.42,82955.4,82969.48,60
2026-10-09T08:45,82969.96,83023.57,82966.54,83019.01,60
2026-10-09T08:46,83014.96,83077.62,83014.96,83056.49,60
2026-10-09T08:47,83057.76,83059.35,83021.27,83053.1,60
2026-10-09T08:48,83053.51,83054.04,82949.81,82985.53,60
2026-10-09T08:51,82967.3,82977.59,82932.96,82932.96,24
2026-10-09T08:52,82933.96,82970.98,82920.68,82965.61,60
2026-10-09T08:53,82953.8,82956.79,82896.57,82900.64,60
2026-10-09T08:54,82909.34,82921.66,82878.78,82878.78,60
2026-10-09T08:55,82891.28,82894.84,82870.39,82876.45,60
2026-10-09T08:56,82878.06,82907.91,82870.95,82907.91,60
2026-10-09T08:57,82905.73,82919.62,82903.64,82917.73,60
2026-10-09T08:58,82916.83,82938.86,82915.9,82937.55,60
2026-10-09T09:01,82979.3,83003.08,82967.52,83002.16,16
2026-10-09T09:02,83002.61,83019.54,82982.58,83001.77,60
2026-10-09T09:03,83006.73,83015.65,82986.92,82997.87,60
2026-10-09T09:04,82998.85,82999.85,82975.74,82979.55,60
2026-10-09T09:05,82977.89,83026.85,82967.39,83026.53,60
2026-10-09T09:06,83024.47,83064.85,83011.9,83064.85,60
2026-10-09T09:07,83065.54,83100.0,83061.35,83096.59,60
2026-10-09T09:08,83089.04,83096.42,83050.44,83064.43,60
2026-10-09T09:09,83065.07,83087.08,83029.43,83044.23,60
2026-10-09T09:21,83024.7,83037.31,83024.45,83027.34,17
2026-10-09T09:22,83027.28,83027.32,83000.84,83008.23,60
2026-10-09T09:23,83007.08,83025.1,82991.31,82993.87,60
2026-10-09T09:24,82994.35,82994.35,82948.16,82972.74,60
2026-10-09T09:25,82971.24,82980.5,82950.38,82951.42,60
2026-10-09T09:26,82951.26,82951.26,82884.52,82900.25,60
2026-10-09T09:27,82900.58,82929.29,82898.06,82908.12,60
2026-10-09T09:28,82908.23,82908.23,82858.95,82881.33,60
2026-10-09T09:29,82878.94,82905.24,82872.63,82900.18,60
2026-10-09T09:31,82983.29,82991.38,82927.59,82927.59,20
2026-10-09T09:32,82932.21,82935.36,82749.78,82749.78,60
2026-10-09T09:33,82746.69,82800.51,82698.23,82709.64,60
2026-10-09T09:34,82710.72,82753.23,82662.2,82662.2,60
2026-10-09T09:35,82659.38,82677.57,82539.9,82621.19,60
2026-10-09T09:36,82610.2,82678.9,82513.01,82513.01,60
2026-10-09T09:37,82496.06,82619.07,82463.49,82552.84,60
2026-10-09T09:38,82553.05,82595.06,82490.23,82595.06,60
2026-10-09T09:41,82522.86,82547.58,82518.4,82531.14,22
2026-10-09T09:42,82532.07,82556.14,82450.68,82450.68,60
2026-10-09T09:43,82442.99,82489.93,82416.43,82486.13,60
2026-10-09T09:44,82468.19,82531.7,82468.19,82490.22,60
2026-10-09T09:45,82501.02,82518.24,82429.88,82512.24,60
2026-10-09T09:46,82530.88,82532.84,82444.32,82476.77,60
2026-10-09T09:47,82477.88,82545.5,82477.88,82539.01,60
2026-10-09T09:48,82538.38,82538.38,82469.61,82520.2,60
2026-10-09T09:51,82654.13,82667.15,82646.59,82657.52,11
2026-10-09T09:52,82645.65,82691.35,82620.83,82648.22,60
2026-10-09T09:53,82652.29,82677.52,82621.2,82650.79,60
2026-10-09T09:54,82652.71,82660.04,82579.92,82581.38,60
2026-10-09T09:55,82580.27,82624.55,82580.27,82618.98,60
2026-10-09T09:56,82618.53,82637.62,82587.37,82592.16,60
2026-10-09T09:57,82592.25,82630.33,82590.61,82629.05,60
2026-10-09T09:58,82627.56,82649.26,82568.24,82580.03,60
2026-10-09T09:59,82580.07,82580.07,82545.63,82561.41,60
2026-10-09T10:01,82503.26,82504.03,82417.66,82422.66,23
2026-10-09T10:02,82424.92,82534.4,82394.43,82507.67,60
2026-10-09T10:03,82507.33,82593.93,82499.11,82592.36,60
2026-10-09T10:04,82594.46,82632.93,82582.73,82632.93,60
2026-10-09T10:05,82630.53,82662.15,82627.34,82645.68,60
2026-10-09T10:06,82646.79,82719.6,82637.06,82719.59,60
2026-10-09T10:07,82721.39,82804.43,82713.17,82789.04,60
2026-10-09T10:08,82791.51,82791.51,82710.13,82758.98,60
2026-10-09T10:11,82704.63,82710.73,82698.23,82702.18,6
2026-10-09T10:12,82701.69,82756.12,82698.99,82753.53,60
2026-10-09T10:13,82760.8,82776.36,82722.17,82728.81,60
2026-10-09T10:14,82724.29,82809.4,82718.51,82782.61,60
2026-10-09T10:15,82786.9,82888.12,82784.75,82877.1,60
2026-10-09T10:16,82879.58,82932.98,82877.58,82932.55,60
2026-10-09T10:17,82932.79,82984.41,82881.8,82927.13,60
2026-10-09T10:18,82919.12,82969.3,82916.68,82965.78,60
2026-10-09T10:19,82965.16,83002.6,82950.15,82998.17,60
2026-10-09T10:21,83064.23,83135.25,83064.23,83135.25,18
2026-10-09T10:22,83139.85,83148.14,83046.1,83061.53,60
2026-10-09T10:23,83071.78,83173.13,83071.78,83131.62,60
2026-10-09T10:24,83126.17,83126.17,83082.41,83087.24,60
2026-10-09T10:25,83077.32,83077.32,83040.88,83068.12,60
2026-10-09T10:26,83066.73,83110.11,83032.53,83040.03,60
2026-10-09T10:27,83044.95,83084.3,83021.63,83084.3,60
2026-10-09T10:28,83084.13,83089.13,83049.39,83052.07,60
2026-10-09T10:29,83052.98,83098.54,83052.98,83092.83,60
2026-10-09T10:31,83124.77,83124.85,83112.7,83124.85,12
2026-10-09T10:32,83139.99,83160.1,83119.96,83136.36,60
2026-10-09T10:33,83131.8,83161.65,83106.9,83161.65,60
2026-10-09T10:34,83160.8,83237.77,83158.95,83237.77,60
2026-10-09T10:35,83233.35,83234.88,83136.26,83143.85,60
2026-10-09T10:36,83142.63,83166.5,83072.37,83072.37,60
2026-10-09T10:37,83070.95,83109.33,83047.9,83077.79,60
2026-10-09T10:38,83073.88,83075.77,82995.89,83000.58,60
2026-10-09T10:39,83001.34,83019.87,82960.47,82967.28,60
2026-10-09T10:41,82955.95,82955.95,82921.48,82921.48,11
2026-10-09T10:42,82917.09,82917.09,82857.38,82863.35,60
2026-10-09T10:43,82866.23,82912.09,82865.33,82909.98,60
2026-10-09T10:44,82915.17,82999.8,82913.69,82987.56,60
2026-10-09T10:45,82990.1,83029.44,82958.24,82992.53,60
2026-10-09T10:46,82992.37,83019.78,82937.07,82982.92,60
2026-10-09T10:47,82991.85,82992.22,82907.61,82907.61,60
2026-10-09T10:48,82906.92,82925.7,82857.09,82877.08,60
2026-10-09T10:49,82877.44,82887.3,82855.27,82880.04,60
2026-10-09T10:51,82968.46,82968.46,82968.46,82968.46,1
2026-10-09T10:52,82964.91,82983.11,82944.51,82954.52,60
2026-10-09T10:53,82953.84,82963.19,82928.18,82950.58,60
2026-10-09T10:54,82951.86,82963.75,82932.86,82942.56,60
2026-10-09T10:55,82942.62,82988.63,82928.72,82986.48,60
2026-10-09T10:56,82984.91,83011.28,82965.69,83011.28,60
2026-10-09T10:57,83009.49,83078.54,83009.49,83052.58,60
2026-10-09T10:58,83049.85,83050.03,83000.05,83006.77,60
2026-10-09T10:59,83005.93,83019.94,82962.67,82965.71,60
2026-10-09T11:01,82972.8,82981.6,82972.1,82978.97,8
2026-10-09T11:02,82980.54,82983.44,82904.69,82904.69,60
2026-10-09T11:03,82940.07,82990.01,82852.92,82873.78,60
2026-10-09T11:04,82870.97,82913.14,82861.98,82891.92,60
2026-10-09T11:05,82910.32,82942.12,82857.36,82866.22,60
2026-10-09T11:06,82870.42,82870.42,82839.7,82846.16,60
2026-10-09T11:07,82845.33,82850.33,82816.21,82823.49,60
2026-10-09T11:08,82817.57,82820.89,82746.88,82746.88,60
2026-10-09T11:09,82741.5,82807.96,82741.5,82779.87,60
2026-10-09T11:19,82871.24,82896.97,82846.35,82846.35,57
2026-10-09T11:20,82836.95,82845.07,82810.69,82835.87,60
2026-10-09T11:21,82836.79,82905.44,82816.14,82903.42,60
2026-10-09T11:22,82902.99,82902.99,82847.05,82847.05,60
2026-10-09T11:23,82848.74,82848.88,82805.38,82825.7,60
2026-10-09T11:24,82827.65,82869.38,82827.44,82869.38,60
2026-10-09T11:25,82869.39,82876.14,82837.33,82850.15,60
2026-10-09T11:26,82850.25,82853.94,82831.46,82843.19,60
2026-10-09T11:27,82834.18,82869.73,82834.18,82865.03,8
2026-10-09T11:28,82864.96,82870.51,82833.21,82855.31,60
2026-10-09T11:29,82855.53,82858.67,82838.29,82842.36,60
2026-10-09T11:30,82828.79,82905.49,82828.04,82896.92,60
2026-10-09T11:31,82894.66,82985.23,82894.66,82963.53,60
2026-10-09T11:32,82954.89,82976.04,82942.83,82965.91,60
2026-10-09T11:33,82965.19,82975.58,82886.29,82900.58,60
2026-10-09T11:34,82901.04,82909.86,82860.74,82909.86,60
2026-10-09T11:35,82908.26,82908.26,82851.3,82864.41,60
2026-10-09T11:36,82858.13,82878.08,82841.34,82871.48,20
2026-10-09T11:37,82869.8,82907.71,82861.85,82899.7,60
2026-10-09T11:38,82899.74,82941.21,82891.52,82927.81,60
2026-10-09T11:39,82916.95,82949.28,82916.95,82939.39,60
2026-10-09T11:40,82938.57,82938.57,82900.63,82920.95,60
2026-10-09T11:41,82921.07,82947.7,82917.22,82940.5,60
2026-10-09T11:42,82935.15,82961.88,82913.02,82913.27,60
2026-10-09T11:43,82916.7,82918.67,82881.72,82904.56,60
2026-10-09T11:45,82927.38,82927.38,82890.15,82920.7,39
2026-10-09T11:46,82918.7,82947.51,82894.33,82906.57,60
2026-10-09T11:47,82907.33,82926.69,82894.5,82894.5,60
2026-10-09T11:48,82894.73,82894.73,82864.51,82867.87,60
2026-10-09T11:49,82867.85,82902.94,82858.64,82897.73,60
2026-10-09T11:50,82897.95,82933.34,82897.95,82906.23,60
2026-10-09T11:51,82906.96,82935.53,82906.96,82915.05,60
2026-10-09T11:52,82915.87,82915.94,82889.74,82894.81,60
2026-10-09T11:54,82781.76,82808.97,82781.76,82785.9,54
2026-10-09T11:55,82765.38,82785.73,82759.7,82785.72,60
2026-10-09T11:56,82789.41,82790.88,82753.45,82790.88,60
2026-10-09T11:57,82787.84,82840.92,82786.73,82840.72,60
2026-10-09T11:58,82837.08,82837.31,82809.79,82817.31,60
2026-10-09T11:59,82814.41,82834.08,82803.04,82803.04,60
2026-10-09T12:00,82803.26,82803.26,82729.72,82733.8,60
2026-10-09T12:01,82733.61,82733.61,82691.89,82706.49,60
2026-10-09T12:02,82719.51,82719.51,82703.85,82707.31,4
2026-10-09T12:03,82706.96,82733.85,82702.48,82710.84,60
2026-10-09T12:04,82708.66,82773.02,82705.37,82768.78,60
2026-10-09T12:05,82769.87,82833.88,82769.08,82833.88,60
2026-10-09T12:06,82834.45,82848.83,82792.04,82821.94,60
2026-10-09T12:07,82808.37,82857.89,82808.37,82839.43,60
2026-10-09T12:08,82828.01,82835.08,82801.91,82834.05,60
2026-10-09T12:09,82833.88,82836.73,82771.67,82801.59,60
2026-10-09T12:10,82798.36,82799.6,82768.09,82799.17,60
2026-10-09T12:12,82830.48,82893.43,82821.05,82874.42,46
2026-10-09T12:13,82874.42,82898.5,82838.95,82846.51,60
2026-10-09T12:14,82847.95,82865.8,82840.42,82854.96,60
2026-10-09T12:15,82855.15,82911.05,82855.15,82908.83,60
2026-10-09T12:16,82906.49,82941.93,82904.38,82929.47,60
2026-10-09T12:17,82931.14,82931.14,82868.32,82888.37,60
2026-10-09T12:18,82886.54,82886.54,82854.98,82855.2,60
2026-10-09T12:19,82854.89,82855.76,82816.33,82816.33,60
2026-10-09T12:21,82761.39,82792.92,82760.49,82783.58,22
2026-10-09T12:22,82794.21,82801.13,82743.01,82751.52,60
2026-10-09T12:23,82750.03,82772.59,82680.48,82694.56,60
2026-10-09T12:24,82690.14,82696.59,82667.75,82678.23,60
2026-10-09T12:25,82678.11,82688.22,82660.27,82668.45,60
2026-10-09T12:26,82670.86,82687.76,82646.35,82646.35,60
2026-10-09T12:27,82647.43,82679.43,82639.5,82648.77,60
2026-10-09T12:28,82649.09,82672.24,82642.12,82661.94,60
2026-10-09T12:31,82702.03,82702.03,82675.15,82677.27,22
2026-10-09T12:32,82681.35,82758.23,82678.76,82740.74,60
2026-10-09T12:33,82742.82,82742.82,82687.13,82711.38,60
2026-10-09T12:34,82710.73,82714.64,82693.97,82710.36,60
2026-10-09T12:35,82706.47,82723.88,82702.69,82719.99,60
2026-10-09T12:36,82719.36,82765.46,82719.36,82749.39,60
2026-10-09T12:37,82749.47,82749.47,82704.14,82707.96,60
2026-10-09T12:38,82709.68,82723.83,82653.13,82659.77,60
2026-10-09T12:41,82668.34,82674.95,82666.13,82668.69,21
2026-10-09T12:42,82668.65,82671.25,82645.81,82646.6,60
2026-10-09T12:43,82647.16,82662.33,82637.23,82647.33,60
2026-10-09T12:44,82647.53,82652.64,82640.08,82650.02,60
2026-10-09T12:45,82660.06,82689.72,82657.16,82682.55,60
2026-10-09T12:46,82682.4,82731.47,82682.4,82693.4,60
2026-10-09T12:47,82700.53,82722.66,82689.92,82717.63,60
2026-10-09T12:48,82724.15,82724.15,82694.23,82694.23,60
2026-10-09T12:51,82783.07,82783.73,82774.64,82777.25,14
2026-10-09T12:52,82772.0,82792.29,82745.93,82745.93,60
2026-10-09T12:53,82749.75,82750.57,82710.24,82720.4,60
2026-10-09T12:54,82727.96,82735.61,82703.56,82705.13,60
2026-10-09T12:55,82704.62,82724.44,82691.28,82716.67,60
2026-10-09T12:56,82714.94,82730.5,82704.0,82709.37,60
2026-10-09T12:57,82707.85,82713.64,82698.51,82704.86,60
2026-10-09T12:58,82705.88,82705.92,82662.61,82666.65,60
2026-10-09T12:59,82666.76,82687.16,82656.07,82673.44,60
2026-10-09T13:01,82678.79,82678.79,82661.12,82665.87,17
2026-10-09T13:02,82665.14,82673.33,82649.14,82655.12,60
2026-10-09T13:03,82651.33,82670.33,82634.26,82638.68,60
2026-10-09T13:04,82641.19,82668.81,82640.34,82646.85,60
2026-10-09T13:05,82643.59,82655.58,82637.01,82647.18,60
2026-10-09T13:06,82646.33,82651.77,82617.93,82634.84,60
2026-10-09T13:07,82626.91,82633.28,82608.82,82627.97,60
2026-10-09T13:08,82628.04,82645.42,82628.04,82636.67,60
2026-10-09T13:09,82636.16,82639.29,82591.7,82592.17,60
2026-10-09T13:12,82592.36,82621.56,82591.93,82618.81,21
2026-10-09T13:13,82618.79,82634.6,82599.99,82602.5,60
2026-10-09T13:14,82602.4,82602.58,82544.25,82551.04,60
2026-10-09T13:15,82550.46,82583.5,82522.11,82583.5,60
2026-10-09T13:16,82582.09,82582.09,82554.09,82575.37,60
2026-10-09T13:17,82577.19,82619.46,82576.56,82602.58,60
2026-10-09T13:18,82602.0,82610.43,82571.06,82586.06,60
2026-10-09T13:19,82586.96,82615.07,82571.27,82573.99,60
2026-10-09T13:22,82550.13,82550.13,82440.92,82456.97,46
2026-10-09T13:23,82458.76,82527.37,82458.76,82488.84,60
2026-10-09T13:24,82490.34,82490.34,82446.41,82465.93,60
2026-10-09T13:25,82464.0,82525.03,82462.35,82525.03,60
2026-10-09T13:26,82534.12,82580.69,82527.69,82580.69,60
2026-10-09T13:27,82579.94,82607.03,82569.98,82607.03,60
2026-10-09T13:28,82605.08,82626.92,82603.73,82617.75,60
2026-10-09T13:29,82619.65,82622.48,82596.69,82603.81,60
2026-10-09T13:31,82524.99,82555.62,82524.99,82554.19,21
2026-10-09T13:32,82554.66,82615.09,82546.36,82564.04,60
2026-10-09T13:33,82563.81,82614.82,82539.74,82607.56,60
2026-10-09T13:34,82614.74,82621.24,82593.87,82608.23,60
2026-10-09T13:35,82608.13,82657.84,82600.25,82614.42,60
2026-10-09T13:36,82615.44,82652.32,82612.92,82642.46,60
2026-10-09T13:37,82643.27,82655.38,82627.16,82633.81,60
2026-10-09T13:38,82634.0,82644.94,82615.12,82621.06,60
2026-10-09T13:41,82655.01,82662.91,82644.97,82653.69,17
2026-10-09T13:42,82655.66,82677.15,82644.92,82663.76,60
2026-10-09T13:43,82665.12,82665.12,82628.9,82635.56,60
2026-10-09T13:44,82635.62,82646.82,82618.11,82623.09,60
2026-10-09T13:45,82623.9,82624.53,82550.19,82574.47,60
2026-10-09T13:46,82578.01,82628.39,82561.08,82617.74,60
2026-10-09T13:47,82618.18,82618.18,82588.85,82599.36,60
2026-10-09T13:48,82598.49,82614.65,82596.53,82607.1,60
2026-10-09T13:49,82613.08,82625.82,82598.41,82618.23,60
2026-10-09T13:51,82656.18,82675.6,82656.18,82674.9,18
2026-10-09T13:52,82666.68,82669.21,82626.34,82656.03,60
2026-10-09T13:53,82659.83,82659.83,82642.79,82658.34,60
2026-10-09T13:54,82662.77,82662.77,82639.26,82647.2,60
2026-10-09T13:55,82646.65,82653.45,82633.76,82646.13,60
2026-10-09T13:56,82646.54,82680.86,82624.31,82673.22,60
2026-10-09T13:57,82673.87,82677.3,82652.62,82660.84,60
2026-10-09T13:58,82657.55,82665.5,82657.55,82661.84,60
2026-10-09T13:59,82661.79,82664.76,82641.48,82646.3,60
2026-10-09T14:01,82604.19,82604.38,82602.89,82603.04,5
2026-10-09T14:02,82601.6,82625.64,82592.95,82614.0,60
2026-10-09T14:03,82613.66,82625.93,82593.18,82603.01,60
2026-10-09T14:04,82610.49,82622.44,82582.63,82600.64,60
2026-10-09T14:05,82600.07,82628.73,82591.13,82627.74,60
2026-10-09T14:06,82626.93,82650.7,82625.19,82636.66,60
2026-10-09T14:07,82640.99,82667.83,82638.62,82648.74,60
2026-10-09T14:08,82648.09,82649.23,82608.37,82613.39,60
2026-10-09T14:09,82614.13,82625.96,82600.81,82611.17,60
2026-10-09T14:11,82628.15,82628.15,82619.03,82619.67,13
2026-10-09T14:12,82619.87,82645.52,82619.87,82644.3,60
2026-10-09T14:13,82645.4,82657.18,82608.92,82611.4,60
2026-10-09T14:14,82605.38,82605.38,82581.05,82581.66,60
2026-10-09T14:15,82581.01,82593.59,82558.94,82558.94,60
2026-10-09T14:16,82557.53,82571.28,82527.34,82571.28,60
2026-10-09T14:17,82570.07,82579.91,82544.79,82544.79,60
2026-10-09T14:18,82545.32,82550.98,82504.02,82518.99,60
2026-10-09T14:19,82518.82,82531.0,82507.03,82509.35,60
2026-10-09T14:21,82498.99,82503.66,82498.43,82503.66,16
2026-10-09T14:22,82506.07,82522.7,82495.58,82511.48,60
2026-10-09T14:23,82511.75,82511.75,82488.79,82494.59,60
2026-10-09T14:24,82495.68,82496.98,82468.58,82480.01,60
2026-10-09T14:25,82480.02,82493.13,82456.89,82456.89,60
2026-10-09T14:26,82459.36,82472.95,82433.6,82447.77,60
2026-10-09T14:27,82444.46,82458.67,82430.75,82451.96,60
2026-10-09T14:28,82456.62,82469.29,82433.51,82450.81,60
2026-10-09T14:29,82450.8,82450.8,82430.31,82433.33,60
2026-10-09T14:31,82429.82,82451.41,82429.82,82440.22,22
2026-10-09T14:32,82440.2,82440.2,82398.6,82398.6,60
2026-10-09T14:33,82398.31,82421.24,82397.85,82403.59,60
2026-10-09T14:34,82403.07,82417.21,82386.92,82395.18,60
2026-10-09T14:35,82394.57,82395.48,82333.61,82333.99,60
2026-10-09T14:36,82332.4,82332.4,82253.49,82261.7,60
2026-10-09T14:37,82260.29,82314.82,82260.29,82311.4,60
2026-10-09T14:38,82313.05,82333.79,82311.47,82329.41,60
